Organism Source,ATCC Number,"Strain (Genus, species)",Strain Designation,Product Type,Type Strain Flag,Isolation Source (Where found),Type of Isolate,Geographical Isolation,Year of Origin,Culture Medium,Incubation Temperature,Atmosphere,Handling Procedure,Product Format,Storage Conditions,Biosafety Level,Safety Data Sheet (SDS API),ATCC Product Link,Intended Use,Permits & Restrictions,Genome Sequenced Strain,GenBank Accession,Serotype,Verification Method,Antibiotic Resistance Profile,Applications,Specific Applications,Special Collection,Cross References,Patent Number,NBF Folder,NBF File Name,Start,End,Well / Sample Position ID,NOTES
ATCC 14025,14025,Enterococcus aviumCollins et al.,"NCTC 9938 [JCM 8722, NCDO 2369]",Unknown,Yes,Unknown,Unknown,Unknown,Unknown,ATCC Medium 260: Trypticase soy agar/broth with defibrinated sheep blood,37°C,Unknown,"1. Open vial according to enclosed instructions.2. Using a single tube of #44 broth (5 to 6 ml), withdraw approximately 0.5 to 1.0 ml with a Pasteur or 1.0 ml pipette.  Rehydrate the pellet.3. Aseptically transfer this aliquot back into the broth tube.  Mix well.4. Use several drops of the suspension to inoculate a #260 agar slant and/or plate.5. Incubate the tubes and plate at 37oC for 24 hours.",Freeze-dried,Unknown,BSL 1,https://www.atcc.org/api/product/sds?atcc_number=14025,https://www.atcc.org/products/14025,"This product is intended for laboratory research use only. It is not intended for any animal or human therapeutic use, any human or animal consumption, or any diagnostic use.",Permit required for delivery (check ATCC catalog terms),Yes,"GenBankAX109555Sequence 288 from Patent WO0123604.GenBankAX109885Sequence 618 from Patent WO0123604.GenBankAX110989Sequence 1722 from Patent WO0123604.GenBankAX111136Sequence 1869 from Patent WO0123604.GenBankU39774Enterococcus avium D-alanine:D-alanine ligase gene, partial cds.GenBankAJ387906Enterococcus avium partial sodA gene for superoxide dismutase, strain CIP 103019 T (ATCC 14025).",Unknown,Whole-genome Sequencing,Unknown,Quality control,Quality control strainQuality control strain for API productsControl strain for Group Q,Unknown,"GenBankAX109555Sequence 288 from Patent WO0123604.GenBankAX109885Sequence 618 from Patent WO0123604.GenBankAX110989Sequence 1722 from Patent WO0123604.GenBankAX111136Sequence 1869 from Patent WO0123604.GenBankU39774Enterococcus avium D-alanine:D-alanine ligase gene, partial cds.GenBankAJ387906Enterococcus avium partial sodA gene for superoxide dismutase, strain CIP 103019 T (ATCC 14025).",Unknown,Unknown,Unknown,Unknown,Unknown,Unknown,Unknown
ATCC 14025,14025,Enterococcus aviumCollins et al.,"NCTC 9938 [JCM 8722, NCDO 2369]",Unknown,Yes,Unknown,Unknown,Unknown,Unknown,ATCC Medium 260: Trypticase soy agar/broth with defibrinated sheep blood,37°C,Unknown,"1. Open vial according to enclosed instructions.2. Using a single tube of #44 broth (5 to 6 ml), withdraw approximately 0.5 to 1.0 ml with a Pasteur or 1.0 ml pipette.  Rehydrate the pellet.3. Aseptically transfer this aliquot back into the broth tube.  Mix well.4. Use several drops of the suspension to inoculate a #260 agar slant and/or plate.5. Incubate the tubes and plate at 37oC for 24 hours.",Freeze-dried,Unknown,BSL 1,https://www.atcc.org/api/product/sds?atcc_number=14025,https://www.atcc.org/products/14025,"This product is intended for laboratory research use only. It is not intended for any animal or human therapeutic use, any human or animal consumption, or any diagnostic use.",Permit required for delivery (check ATCC catalog terms),Yes,"GenBankAX109555Sequence 288 from Patent WO0123604.GenBankAX109885Sequence 618 from Patent WO0123604.GenBankAX110989Sequence 1722 from Patent WO0123604.GenBankAX111136Sequence 1869 from Patent WO0123604.GenBankU39774Enterococcus avium D-alanine:D-alanine ligase gene, partial cds.GenBankAJ387906Enterococcus avium partial sodA gene for superoxide dismutase, strain CIP 103019 T (ATCC 14025).",Unknown,Whole-genome Sequencing,Unknown,Quality control,Quality control strainQuality control strain for API productsControl strain for Group Q,Unknown,"GenBankAX109555Sequence 288 from Patent WO0123604.GenBankAX109885Sequence 618 from Patent WO0123604.GenBankAX110989Sequence 1722 from Patent WO0123604.GenBankAX111136Sequence 1869 from Patent WO0123604.GenBankU39774Enterococcus avium D-alanine:D-alanine ligase gene, partial cds.GenBankAJ387906Enterococcus avium partial sodA gene for superoxide dismutase, strain CIP 103019 T (ATCC 14025).",Unknown,Unknown,Unknown,Unknown,Unknown,Unknown,Unknown
ATCC 8750,8750,Alcaligenes faecalissubsp.faecalisCastellani and Chalmers,16 [NCIB 8156],Preceptrol culture,Yes,Unknown,Unknown,Unknown,Unknown,ATCC Medium 18: Trypticase Soy Agar/Broth,37°C,Aerobic,"Open vial.Using a single tube of #18 broth (5 to 6 mL), withdraw approximately 0.5 to 1.0 mL with a Pasteur or 1.0 mL pipette. Rehydrate the entire pellet.Aseptically transfer this aliquot back into the broth tube. Mix well.Use several drops of the suspension to inoculate a #18 agar slant and/or plate.Incubate the tubes and plate at 37°C for 24 to 48 hours.",Freeze-dried,2°C to 8°C,BSL 1,https://www.atcc.org/api/product/sds?atcc_number=8750,https://www.atcc.org/products/8750,"This product is intended for laboratory research use only. It is not intended for any animal or human therapeutic use, any human or animal consumption, or any diagnostic use.",Permit required for delivery (check ATCC catalog terms),Yes,"GenBankAX110839Sequence 1572 from Patent WO0123604.GenBankAX111450Sequence 2183 from Patent WO0123604.GenBankM22508A.faecalis 16S ribosomal RNA, complete cds.GenBankD00104Alcaligenes faecalis 5S rRNA, partial sequence.GenBankX05518Alcaligenes faecalis (ATCC 8750) 5S ribosomal RNA.GenBankAF114786Alcaligenes faecalis copper dependent nitrite reductase (nir) gene, partial cds.",Unknown,Whole-genome Sequencing,Unknown,BioinformaticsQuality control,Produces nitrilaseQuality control strainQuality control strain for Autobac products,Unknown,"GenBankAX110839Sequence 1572 from Patent WO0123604.GenBankAX111450Sequence 2183 from Patent WO0123604.GenBankM22508A.faecalis 16S ribosomal RNA, complete cds.GenBankD00104Alcaligenes faecalis 5S rRNA, partial sequence.GenBankX05518Alcaligenes faecalis (ATCC 8750) 5S ribosomal RNA.GenBankAF114786Alcaligenes faecalis copper dependent nitrite reductase (nir) gene, partial cds.",Unknown,Unknown,Unknown,Unknown,Unknown,Unknown,Unknown
ATCC 8750,8750,Alcaligenes faecalissubsp.faecalisCastellani and Chalmers,16 [NCIB 8156],Preceptrol culture,Yes,Unknown,Unknown,Unknown,Unknown,ATCC Medium 18: Trypticase Soy Agar/Broth,37°C,Aerobic,"Open vial.Using a single tube of #18 broth (5 to 6 mL), withdraw approximately 0.5 to 1.0 mL with a Pasteur or 1.0 mL pipette. Rehydrate the entire pellet.Aseptically transfer this aliquot back into the broth tube. Mix well.Use several drops of the suspension to inoculate a #18 agar slant and/or plate.Incubate the tubes and plate at 37°C for 24 to 48 hours.",Freeze-dried,2°C to 8°C,BSL 1,https://www.atcc.org/api/product/sds?atcc_number=8750,https://www.atcc.org/products/8750,"This product is intended for laboratory research use only. It is not intended for any animal or human therapeutic use, any human or animal consumption, or any diagnostic use.",Permit required for delivery (check ATCC catalog terms),Yes,"GenBankAX110839Sequence 1572 from Patent WO0123604.GenBankAX111450Sequence 2183 from Patent WO0123604.GenBankM22508A.faecalis 16S ribosomal RNA, complete cds.GenBankD00104Alcaligenes faecalis 5S rRNA, partial sequence.GenBankX05518Alcaligenes faecalis (ATCC 8750) 5S ribosomal RNA.GenBankAF114786Alcaligenes faecalis copper dependent nitrite reductase (nir) gene, partial cds.",Unknown,Whole-genome Sequencing,Unknown,BioinformaticsQuality control,Produces nitrilaseQuality control strainQuality control strain for Autobac products,Unknown,"GenBankAX110839Sequence 1572 from Patent WO0123604.GenBankAX111450Sequence 2183 from Patent WO0123604.GenBankM22508A.faecalis 16S ribosomal RNA, complete cds.GenBankD00104Alcaligenes faecalis 5S rRNA, partial sequence.GenBankX05518Alcaligenes faecalis (ATCC 8750) 5S ribosomal RNA.GenBankAF114786Alcaligenes faecalis copper dependent nitrite reductase (nir) gene, partial cds.",Unknown,Unknown,Unknown,Unknown,Unknown,Unknown,Unknown
ATCC 6939,6939,Rhodococcus equi(Magnusson) Goodfellow and Alderson,"NCTC 1621 [ATCC 25729, NRRL B-16538]",Unknown,Yes,Lung abscess of foal,Animal,Unknown,Unknown,ATCC Medium 44: Brain Heart Infusion Agar/Broth,37°C,Aerobic,"Open vial according to enclosed instructions.Using a single tube of #44 broth (5 to 6 mL), withdraw approximately 0.5 to 1.0 mL with a Pasteur or 1.0 mL pipette. Rehydrate the entire pellet.Aseptically transfer this aliquot back into the broth tube. Mix well.Use several drops of the suspension to inoculate a #44 agar slant, an agar plate or an additional broth tube if desired.Incubate the tubes and plate at 37°C for 24 hours.",Freeze-dried,2°C to 8°C,BSL 2,https://www.atcc.org/api/product/sds?atcc_number=6939,https://www.atcc.org/products/6939,"This product is intended for laboratory research use only. It is not intended for any animal or human therapeutic use, any human or animal consumption, or any diagnostic use.",Permit required for delivery (check ATCC catalog terms),Yes,GenBankX80603R.equi gene for small-subunit ribosomal RNA.,Unknown,Whole-genome Sequencing,Unknown,Agricultural researchQuality control,CAMP testExamination of dairy productsQuality control strainReference materialUsed as a control strain in CAMP test to confirmListeriaspecies.,Unknown,GenBankX80603R.equi gene for small-subunit ribosomal RNA.,Unknown,Unknown,Unknown,Unknown,Unknown,Unknown,Unknown
ATCC 6939,6939,Rhodococcus equi(Magnusson) Goodfellow and Alderson,"NCTC 1621 [ATCC 25729, NRRL B-16538]",Unknown,Yes,Lung abscess of foal,Animal,Unknown,Unknown,ATCC Medium 44: Brain Heart Infusion Agar/Broth,37°C,Aerobic,"Open vial according to enclosed instructions.Using a single tube of #44 broth (5 to 6 mL), withdraw approximately 0.5 to 1.0 mL with a Pasteur or 1.0 mL pipette. Rehydrate the entire pellet.Aseptically transfer this aliquot back into the broth tube. Mix well.Use several drops of the suspension to inoculate a #44 agar slant, an agar plate or an additional broth tube if desired.Incubate the tubes and plate at 37°C for 24 hours.",Freeze-dried,2°C to 8°C,BSL 2,https://www.atcc.org/api/product/sds?atcc_number=6939,https://www.atcc.org/products/6939,"This product is intended for laboratory research use only. It is not intended for any animal or human therapeutic use, any human or animal consumption, or any diagnostic use.",Permit required for delivery (check ATCC catalog terms),Yes,GenBankX80603R.equi gene for small-subunit ribosomal RNA.,Unknown,Whole-genome Sequencing,Unknown,Agricultural researchQuality control,CAMP testExamination of dairy productsQuality control strainReference materialUsed as a control strain in CAMP test to confirmListeriaspecies.,Unknown,GenBankX80603R.equi gene for small-subunit ribosomal RNA.,Unknown,Unknown,Unknown,Unknown,Unknown,Unknown,Unknown
ATCC 13032,13032,Corynebacterium glutamicum(Kinoshita et al.) Abe et al.,534 [NCIB 10025],Unknown,Yes,Sewage,Wastewater,Unknown,Unknown,ATCC Medium 3: Nutrient agar or nutrient brothATCC Medium 18: Trypticase Soy Agar/Broth,37°C,Aerobic,"Open vial according to enclosed instructions.Using a single tube of #3 broth (5 to 6 mL), withdraw approximately 0.5 to 1.0 mL with a Pasteur or 1.0 mL pipette. Rehydrate the entire pellet.Aseptically transfer this aliquot back into the broth tube. Mix well.Use several drops of the suspension to inoculate a #3 agar slant and/or plate.Incubate the tubes and plate at 37°C for 24 hours.",Freeze-dried,2°C to 8°C,BSL 1,https://www.atcc.org/api/product/sds?atcc_number=13032,https://www.atcc.org/products/13032,"This product is intended for laboratory research use only. It is not intended for any animal or human therapeutic use, any human or animal consumption, or any diagnostic use.",Permit required for delivery (check ATCC catalog terms),Yes,"GenBankY09578C.glutamicum leuB gene.GenBankM16175C.glutamicum 5S rRNA.GenBankX93513C.glutamicum amt gene.GenBankX93514C.glutamicum betP gene.GenBankX95649C.glutamicum ORF4 gene.GenBankY09163C.glutamicum putP gene.GenBankX81379C.glutamicum dapE gene and orf2.GenBankX85965C.glutamicum ORF3 and aroP gene.GenBankA78796Sequence 1 from Patent EP0563527.GenBankA78797Sequence 2 from Patent EP0563527.GenBankA78798Sequence 3 from Patent EP0563527.GenBankX89850C.glutamicum DNA for attB region.GenBankX78491C.glutamicum (ATCC 13032) aceB gene.GenBankX89084C.glutamicum pta gene and ackA gene.GenBankY09548Corynebacterium glutamicum pyc gene.GenBankX96580C.glutamicum panB, panC & xylB genes.GenBankY13221Corynebacterium glutamicum glnA gene.GenBankAJ238250Corynebacterium glutamicum ndh gene.GenBankY17592Corynebacterium glutamicum accDA gene.GenBankAJ012293Corynebacterium glutamicum ilvD gene.GenBankX90356C.glutamicum DNA for promoter fragment F1.GenBankX90357C.glutamicum DNA for promoter fragment F2.GenBankX90358C.glutamicum DNA for promoter fragment F10.GenBankX90359C.glutamicum DNA for promoter fragment F13.GenBankX90360C.glutamicum DNA for promoter fragment F22.GenBankX90361C.glutamicum DNA for promoter fragment F34.GenBankX90362C.glutamicum DNA for promoter fragment F37.GenBankX90363C.glutamicum DNA for promoter fragment F45.GenBankX90364C.glutamicum DNA for promoter fragment F64.GenBankX90365C.glutamicum DNA for promoter fragment F75.GenBankX60312C.glutamicum lysI gene for L-lysine permease.GenBankX81191C.glutamicum gluA, gluB, gluC and gluD genes.GenBankX75504C.glutamicum aceA gene and thiX genes (partial).GenBankY16642Corynebacterium glutamicum lpd gene, complete CDS.GenBankX70959C.glutamicum gene leuA for isopropylmalate synthase.GenBankX86157C.glutamicum argC, argJ, argB, argD, and argF genes.GenBankAJ004934Corynebacterium glutamicum dapD gene, complete CDS.GenBankX67737C.glutamicum dapB gene for dihydrodipicolinate reductase.GenBankX71489C.glutamicum icd gene for monomeric isocitrate dehydrogenase.GenBankM25819C.glutamicum phosphoenolpyruvate carboxylase gene, complete cds.GenBankX59404Corynebacterium glutamicum, gdh gen for glutamate dehydrogenase.GenBankU31281Corynebacterium glutamicum biotin synthase (bioB) gene, complete cds.GenBankE04376DNA sequence encoding corynebacterium glutamicum isocitric acid lyase.GenBankAF189147Corynebacterium glutamicum ISCg2 transposase (tnp) gene, complete cds.GenBankAB055218Corynebacterium glutamicum gene for superoxide dismutase, complete cds.GenBankAJ306418Corynebacterium glutamicum ctaE gene, qcrC gene, qcrA gene and qcrB gene.GenBankL01508Corynebacterium glutamicum threonine dehydratase (ilvA) gene, complete cds.GenBankAF005635Corynebacterium glutamicum glutamine synthetase (glnA) gene, complete cds.GenBankAJ269506Corynebacterium glutamicum pck gene for phosphoenolpyruvate carboxykinase.GenBankU43535Corynebacterium glutamicum multidrug resistance protein (cmr) gene, complete cds.GenBankU43536Corynebacterium glutamicum heat shock, ATP-binding protein (clpB) gene, complete cds.GenBankAJ006985Streptomyces glaucescens GLA.0 gene cluster for 5'-hydroxystreptomycin biosynthesis.GenBankE04377DNA sequence encoding corynebacterium glutamicum isocitric acid lyase N-terminal fragment.GenBankAF112536Corynebacterium glutamicum ribonucleotide reductase beta-chain (nrdF) gene, complete cds.GenBankAJ300822Corynebacterium glutamicum secE gene, nusG gene, rplK gene, rplA gene and partial pkwR gene.GenBankAF116184Corynebacterium glutamicum L-aspartate-alpha-decarboxylase precursor (panD) gene, complete cds.GenBankU35023Corynebacterium glutamicum thiosulfate sulfurtransferase (thtR) gene, partial cds, acyl CoA carboxylase (accBC) gene, complete cds.GenBankAJ306417Corynebacterium glutamicum partial nrdF gene for ribonucleotide reductase beta-subunit and ctaD gene for cytochrome aa3 oxidase subunit I.GenBankL09232Corynebacterium glutamicum acetohydroxy acid synthase (ilvB) and (ilvN) genes, and acetohydroxy acid isomeroreductase (ilvC) gene, complete cds.GenBankAF112535Corynebacterium glutamicum putative glutaredoxin NrdH (nrdH), NrdI (nrdI), and ribonucleotide reductase alpha-chain (nrdE) genes, complete cds.GenBankM89931Corynebacterium glutamicum beta C-S lyase (aecD) and branched-chain amino acid uptake carrier (brnQ) genes, complete cds, and hypothetical protein Yhbw (yhbw) gene, partial cds.GenBankU13922Corynebacterium glutamicum putative type II 5-cytosoine methyltransferase (cglIM) and putative type II restriction endonuclease (cglIR) and putative type I or type III restriction endonuclease (clgIIR) genes, complete cds.GenBankBA000036Corynebacterium glutamicumATCC 13032DNA, complete genome.",Unknown,Whole-genome Sequencing,Unknown,Food production researchAgricultural researchBiocontrol,"Produces glutamic acid L-glutamate, L-glutamic acid, glutamateTransformation hostPotential strain for bioconversion and precision fermentation of food ingredientsPotential strain for single cell protein production for food or feedPotential plant growth promoting strain; Biocontrol",Unknown,"GenBankY09578C.glutamicum leuB gene.GenBankM16175C.glutamicum 5S rRNA.GenBankX93513C.glutamicum amt gene.GenBankX93514C.glutamicum betP gene.GenBankX95649C.glutamicum ORF4 gene.GenBankY09163C.glutamicum putP gene.GenBankX81379C.glutamicum dapE gene and orf2.GenBankX85965C.glutamicum ORF3 and aroP gene.GenBankA78796Sequence 1 from Patent EP0563527.GenBankA78797Sequence 2 from Patent EP0563527.GenBankA78798Sequence 3 from Patent EP0563527.GenBankX89850C.glutamicum DNA for attB region.GenBankX78491C.glutamicum (ATCC 13032) aceB gene.GenBankX89084C.glutamicum pta gene and ackA gene.GenBankY09548Corynebacterium glutamicum pyc gene.GenBankX96580C.glutamicum panB, panC & xylB genes.GenBankY13221Corynebacterium glutamicum glnA gene.GenBankAJ238250Corynebacterium glutamicum ndh gene.GenBankY17592Corynebacterium glutamicum accDA gene.GenBankAJ012293Corynebacterium glutamicum ilvD gene.GenBankX90356C.glutamicum DNA for promoter fragment F1.GenBankX90357C.glutamicum DNA for promoter fragment F2.GenBankX90358C.glutamicum DNA for promoter fragment F10.GenBankX90359C.glutamicum DNA for promoter fragment F13.GenBankX90360C.glutamicum DNA for promoter fragment F22.GenBankX90361C.glutamicum DNA for promoter fragment F34.GenBankX90362C.glutamicum DNA for promoter fragment F37.GenBankX90363C.glutamicum DNA for promoter fragment F45.GenBankX90364C.glutamicum DNA for promoter fragment F64.GenBankX90365C.glutamicum DNA for promoter fragment F75.GenBankX60312C.glutamicum lysI gene for L-lysine permease.GenBankX81191C.glutamicum gluA, gluB, gluC and gluD genes.GenBankX75504C.glutamicum aceA gene and thiX genes (partial).GenBankY16642Corynebacterium glutamicum lpd gene, complete CDS.GenBankX70959C.glutamicum gene leuA for isopropylmalate synthase.GenBankX86157C.glutamicum argC, argJ, argB, argD, and argF genes.GenBankAJ004934Corynebacterium glutamicum dapD gene, complete CDS.GenBankX67737C.glutamicum dapB gene for dihydrodipicolinate reductase.GenBankX71489C.glutamicum icd gene for monomeric isocitrate dehydrogenase.GenBankM25819C.glutamicum phosphoenolpyruvate carboxylase gene, complete cds.GenBankX59404Corynebacterium glutamicum, gdh gen for glutamate dehydrogenase.GenBankU31281Corynebacterium glutamicum biotin synthase (bioB) gene, complete cds.GenBankE04376DNA sequence encoding corynebacterium glutamicum isocitric acid lyase.GenBankAF189147Corynebacterium glutamicum ISCg2 transposase (tnp) gene, complete cds.GenBankAB055218Corynebacterium glutamicum gene for superoxide dismutase, complete cds.GenBankAJ306418Corynebacterium glutamicum ctaE gene, qcrC gene, qcrA gene and qcrB gene.GenBankL01508Corynebacterium glutamicum threonine dehydratase (ilvA) gene, complete cds.GenBankAF005635Corynebacterium glutamicum glutamine synthetase (glnA) gene, complete cds.GenBankAJ269506Corynebacterium glutamicum pck gene for phosphoenolpyruvate carboxykinase.GenBankU43535Corynebacterium glutamicum multidrug resistance protein (cmr) gene, complete cds.GenBankU43536Corynebacterium glutamicum heat shock, ATP-binding protein (clpB) gene, complete cds.GenBankAJ006985Streptomyces glaucescens GLA.0 gene cluster for 5'-hydroxystreptomycin biosynthesis.GenBankE04377DNA sequence encoding corynebacterium glutamicum isocitric acid lyase N-terminal fragment.GenBankAF112536Corynebacterium glutamicum ribonucleotide reductase beta-chain (nrdF) gene, complete cds.GenBankAJ300822Corynebacterium glutamicum secE gene, nusG gene, rplK gene, rplA gene and partial pkwR gene.GenBankAF116184Corynebacterium glutamicum L-aspartate-alpha-decarboxylase precursor (panD) gene, complete cds.GenBankU35023Corynebacterium glutamicum thiosulfate sulfurtransferase (thtR) gene, partial cds, acyl CoA carboxylase (accBC) gene, complete cds.GenBankAJ306417Corynebacterium glutamicum partial nrdF gene for ribonucleotide reductase beta-subunit and ctaD gene for cytochrome aa3 oxidase subunit I.GenBankL09232Corynebacterium glutamicum acetohydroxy acid synthase (ilvB) and (ilvN) genes, and acetohydroxy acid isomeroreductase (ilvC) gene, complete cds.GenBankAF112535Corynebacterium glutamicum putative glutaredoxin NrdH (nrdH), NrdI (nrdI), and ribonucleotide reductase alpha-chain (nrdE) genes, complete cds.GenBankM89931Corynebacterium glutamicum beta C-S lyase (aecD) and branched-chain amino acid uptake carrier (brnQ) genes, complete cds, and hypothetical protein Yhbw (yhbw) gene, partial cds.GenBankU13922Corynebacterium glutamicum putative type II 5-cytosoine methyltransferase (cglIM) and putative type II restriction endonuclease (cglIR) and putative type I or type III restriction endonuclease (clgIIR) genes, complete cds.GenBankBA000036Corynebacterium glutamicumATCC 13032DNA, complete genome.","3,002,889",Unknown,Unknown,Unknown,Unknown,Unknown,Unknown
ATCC 13032,13032,Corynebacterium glutamicum(Kinoshita et al.) Abe et al.,534 [NCIB 10025],Unknown,Yes,Sewage,Wastewater,Unknown,Unknown,ATCC Medium 3: Nutrient agar or nutrient brothATCC Medium 18: Trypticase Soy Agar/Broth,37°C,Aerobic,"Open vial according to enclosed instructions.Using a single tube of #3 broth (5 to 6 mL), withdraw approximately 0.5 to 1.0 mL with a Pasteur or 1.0 mL pipette. Rehydrate the entire pellet.Aseptically transfer this aliquot back into the broth tube. Mix well.Use several drops of the suspension to inoculate a #3 agar slant and/or plate.Incubate the tubes and plate at 37°C for 24 hours.",Freeze-dried,2°C to 8°C,BSL 1,https://www.atcc.org/api/product/sds?atcc_number=13032,https://www.atcc.org/products/13032,"This product is intended for laboratory research use only. It is not intended for any animal or human therapeutic use, any human or animal consumption, or any diagnostic use.",Permit required for delivery (check ATCC catalog terms),Yes,"GenBankY09578C.glutamicum leuB gene.GenBankM16175C.glutamicum 5S rRNA.GenBankX93513C.glutamicum amt gene.GenBankX93514C.glutamicum betP gene.GenBankX95649C.glutamicum ORF4 gene.GenBankY09163C.glutamicum putP gene.GenBankX81379C.glutamicum dapE gene and orf2.GenBankX85965C.glutamicum ORF3 and aroP gene.GenBankA78796Sequence 1 from Patent EP0563527.GenBankA78797Sequence 2 from Patent EP0563527.GenBankA78798Sequence 3 from Patent EP0563527.GenBankX89850C.glutamicum DNA for attB region.GenBankX78491C.glutamicum (ATCC 13032) aceB gene.GenBankX89084C.glutamicum pta gene and ackA gene.GenBankY09548Corynebacterium glutamicum pyc gene.GenBankX96580C.glutamicum panB, panC & xylB genes.GenBankY13221Corynebacterium glutamicum glnA gene.GenBankAJ238250Corynebacterium glutamicum ndh gene.GenBankY17592Corynebacterium glutamicum accDA gene.GenBankAJ012293Corynebacterium glutamicum ilvD gene.GenBankX90356C.glutamicum DNA for promoter fragment F1.GenBankX90357C.glutamicum DNA for promoter fragment F2.GenBankX90358C.glutamicum DNA for promoter fragment F10.GenBankX90359C.glutamicum DNA for promoter fragment F13.GenBankX90360C.glutamicum DNA for promoter fragment F22.GenBankX90361C.glutamicum DNA for promoter fragment F34.GenBankX90362C.glutamicum DNA for promoter fragment F37.GenBankX90363C.glutamicum DNA for promoter fragment F45.GenBankX90364C.glutamicum DNA for promoter fragment F64.GenBankX90365C.glutamicum DNA for promoter fragment F75.GenBankX60312C.glutamicum lysI gene for L-lysine permease.GenBankX81191C.glutamicum gluA, gluB, gluC and gluD genes.GenBankX75504C.glutamicum aceA gene and thiX genes (partial).GenBankY16642Corynebacterium glutamicum lpd gene, complete CDS.GenBankX70959C.glutamicum gene leuA for isopropylmalate synthase.GenBankX86157C.glutamicum argC, argJ, argB, argD, and argF genes.GenBankAJ004934Corynebacterium glutamicum dapD gene, complete CDS.GenBankX67737C.glutamicum dapB gene for dihydrodipicolinate reductase.GenBankX71489C.glutamicum icd gene for monomeric isocitrate dehydrogenase.GenBankM25819C.glutamicum phosphoenolpyruvate carboxylase gene, complete cds.GenBankX59404Corynebacterium glutamicum, gdh gen for glutamate dehydrogenase.GenBankU31281Corynebacterium glutamicum biotin synthase (bioB) gene, complete cds.GenBankE04376DNA sequence encoding corynebacterium glutamicum isocitric acid lyase.GenBankAF189147Corynebacterium glutamicum ISCg2 transposase (tnp) gene, complete cds.GenBankAB055218Corynebacterium glutamicum gene for superoxide dismutase, complete cds.GenBankAJ306418Corynebacterium glutamicum ctaE gene, qcrC gene, qcrA gene and qcrB gene.GenBankL01508Corynebacterium glutamicum threonine dehydratase (ilvA) gene, complete cds.GenBankAF005635Corynebacterium glutamicum glutamine synthetase (glnA) gene, complete cds.GenBankAJ269506Corynebacterium glutamicum pck gene for phosphoenolpyruvate carboxykinase.GenBankU43535Corynebacterium glutamicum multidrug resistance protein (cmr) gene, complete cds.GenBankU43536Corynebacterium glutamicum heat shock, ATP-binding protein (clpB) gene, complete cds.GenBankAJ006985Streptomyces glaucescens GLA.0 gene cluster for 5'-hydroxystreptomycin biosynthesis.GenBankE04377DNA sequence encoding corynebacterium glutamicum isocitric acid lyase N-terminal fragment.GenBankAF112536Corynebacterium glutamicum ribonucleotide reductase beta-chain (nrdF) gene, complete cds.GenBankAJ300822Corynebacterium glutamicum secE gene, nusG gene, rplK gene, rplA gene and partial pkwR gene.GenBankAF116184Corynebacterium glutamicum L-aspartate-alpha-decarboxylase precursor (panD) gene, complete cds.GenBankU35023Corynebacterium glutamicum thiosulfate sulfurtransferase (thtR) gene, partial cds, acyl CoA carboxylase (accBC) gene, complete cds.GenBankAJ306417Corynebacterium glutamicum partial nrdF gene for ribonucleotide reductase beta-subunit and ctaD gene for cytochrome aa3 oxidase subunit I.GenBankL09232Corynebacterium glutamicum acetohydroxy acid synthase (ilvB) and (ilvN) genes, and acetohydroxy acid isomeroreductase (ilvC) gene, complete cds.GenBankAF112535Corynebacterium glutamicum putative glutaredoxin NrdH (nrdH), NrdI (nrdI), and ribonucleotide reductase alpha-chain (nrdE) genes, complete cds.GenBankM89931Corynebacterium glutamicum beta C-S lyase (aecD) and branched-chain amino acid uptake carrier (brnQ) genes, complete cds, and hypothetical protein Yhbw (yhbw) gene, partial cds.GenBankU13922Corynebacterium glutamicum putative type II 5-cytosoine methyltransferase (cglIM) and putative type II restriction endonuclease (cglIR) and putative type I or type III restriction endonuclease (clgIIR) genes, complete cds.GenBankBA000036Corynebacterium glutamicumATCC 13032DNA, complete genome.",Unknown,Whole-genome Sequencing,Unknown,Food production researchAgricultural researchBiocontrol,"Produces glutamic acid L-glutamate, L-glutamic acid, glutamateTransformation hostPotential strain for bioconversion and precision fermentation of food ingredientsPotential strain for single cell protein production for food or feedPotential plant growth promoting strain; Biocontrol",Unknown,"GenBankY09578C.glutamicum leuB gene.GenBankM16175C.glutamicum 5S rRNA.GenBankX93513C.glutamicum amt gene.GenBankX93514C.glutamicum betP gene.GenBankX95649C.glutamicum ORF4 gene.GenBankY09163C.glutamicum putP gene.GenBankX81379C.glutamicum dapE gene and orf2.GenBankX85965C.glutamicum ORF3 and aroP gene.GenBankA78796Sequence 1 from Patent EP0563527.GenBankA78797Sequence 2 from Patent EP0563527.GenBankA78798Sequence 3 from Patent EP0563527.GenBankX89850C.glutamicum DNA for attB region.GenBankX78491C.glutamicum (ATCC 13032) aceB gene.GenBankX89084C.glutamicum pta gene and ackA gene.GenBankY09548Corynebacterium glutamicum pyc gene.GenBankX96580C.glutamicum panB, panC & xylB genes.GenBankY13221Corynebacterium glutamicum glnA gene.GenBankAJ238250Corynebacterium glutamicum ndh gene.GenBankY17592Corynebacterium glutamicum accDA gene.GenBankAJ012293Corynebacterium glutamicum ilvD gene.GenBankX90356C.glutamicum DNA for promoter fragment F1.GenBankX90357C.glutamicum DNA for promoter fragment F2.GenBankX90358C.glutamicum DNA for promoter fragment F10.GenBankX90359C.glutamicum DNA for promoter fragment F13.GenBankX90360C.glutamicum DNA for promoter fragment F22.GenBankX90361C.glutamicum DNA for promoter fragment F34.GenBankX90362C.glutamicum DNA for promoter fragment F37.GenBankX90363C.glutamicum DNA for promoter fragment F45.GenBankX90364C.glutamicum DNA for promoter fragment F64.GenBankX90365C.glutamicum DNA for promoter fragment F75.GenBankX60312C.glutamicum lysI gene for L-lysine permease.GenBankX81191C.glutamicum gluA, gluB, gluC and gluD genes.GenBankX75504C.glutamicum aceA gene and thiX genes (partial).GenBankY16642Corynebacterium glutamicum lpd gene, complete CDS.GenBankX70959C.glutamicum gene leuA for isopropylmalate synthase.GenBankX86157C.glutamicum argC, argJ, argB, argD, and argF genes.GenBankAJ004934Corynebacterium glutamicum dapD gene, complete CDS.GenBankX67737C.glutamicum dapB gene for dihydrodipicolinate reductase.GenBankX71489C.glutamicum icd gene for monomeric isocitrate dehydrogenase.GenBankM25819C.glutamicum phosphoenolpyruvate carboxylase gene, complete cds.GenBankX59404Corynebacterium glutamicum, gdh gen for glutamate dehydrogenase.GenBankU31281Corynebacterium glutamicum biotin synthase (bioB) gene, complete cds.GenBankE04376DNA sequence encoding corynebacterium glutamicum isocitric acid lyase.GenBankAF189147Corynebacterium glutamicum ISCg2 transposase (tnp) gene, complete cds.GenBankAB055218Corynebacterium glutamicum gene for superoxide dismutase, complete cds.GenBankAJ306418Corynebacterium glutamicum ctaE gene, qcrC gene, qcrA gene and qcrB gene.GenBankL01508Corynebacterium glutamicum threonine dehydratase (ilvA) gene, complete cds.GenBankAF005635Corynebacterium glutamicum glutamine synthetase (glnA) gene, complete cds.GenBankAJ269506Corynebacterium glutamicum pck gene for phosphoenolpyruvate carboxykinase.GenBankU43535Corynebacterium glutamicum multidrug resistance protein (cmr) gene, complete cds.GenBankU43536Corynebacterium glutamicum heat shock, ATP-binding protein (clpB) gene, complete cds.GenBankAJ006985Streptomyces glaucescens GLA.0 gene cluster for 5'-hydroxystreptomycin biosynthesis.GenBankE04377DNA sequence encoding corynebacterium glutamicum isocitric acid lyase N-terminal fragment.GenBankAF112536Corynebacterium glutamicum ribonucleotide reductase beta-chain (nrdF) gene, complete cds.GenBankAJ300822Corynebacterium glutamicum secE gene, nusG gene, rplK gene, rplA gene and partial pkwR gene.GenBankAF116184Corynebacterium glutamicum L-aspartate-alpha-decarboxylase precursor (panD) gene, complete cds.GenBankU35023Corynebacterium glutamicum thiosulfate sulfurtransferase (thtR) gene, partial cds, acyl CoA carboxylase (accBC) gene, complete cds.GenBankAJ306417Corynebacterium glutamicum partial nrdF gene for ribonucleotide reductase beta-subunit and ctaD gene for cytochrome aa3 oxidase subunit I.GenBankL09232Corynebacterium glutamicum acetohydroxy acid synthase (ilvB) and (ilvN) genes, and acetohydroxy acid isomeroreductase (ilvC) gene, complete cds.GenBankAF112535Corynebacterium glutamicum putative glutaredoxin NrdH (nrdH), NrdI (nrdI), and ribonucleotide reductase alpha-chain (nrdE) genes, complete cds.GenBankM89931Corynebacterium glutamicum beta C-S lyase (aecD) and branched-chain amino acid uptake carrier (brnQ) genes, complete cds, and hypothetical protein Yhbw (yhbw) gene, partial cds.GenBankU13922Corynebacterium glutamicum putative type II 5-cytosoine methyltransferase (cglIM) and putative type II restriction endonuclease (cglIR) and putative type I or type III restriction endonuclease (clgIIR) genes, complete cds.GenBankBA000036Corynebacterium glutamicumATCC 13032DNA, complete genome.","3,002,889",Unknown,Unknown,Unknown,Unknown,Unknown,Unknown
NBF,25923,Staphylococcus aureussubsp.aureusRosenbach,Seattle 1945,Preceptrol culture,No,Clinical isolate,Unknown,Unknown,Unknown,ATCC Medium 18: Trypticase Soy Agar/Broth,37°C,Aerobic,"Open vial according to enclosed instructions.Using a single tube of #18 broth (5 to 6 mL), withdraw approximately 0.5 to 1.0 mL with a Pasteur or 1.0 mL pipette.  Rehydrate the entire pellet.Aseptically transfer this aliquot back into the broth tube.  Mix well.Use several drops of the suspension to inoculate a #18 agar slant and/or plate.Incubate the tubes and plate at 37°C for 24 hours.",Freeze-dried,2°C to 8°C,BSL 2,https://www.atcc.org/api/product/sds?atcc_number=25923,https://www.atcc.org/products/25923,"This product is intended for laboratory research use only. It is not intended for any animal or human therapeutic use, any human or animal consumption, or any diagnostic use.",Permit required for delivery (check ATCC catalog terms),Yes,"GenBankAX110511Sequence 1244 from Patent WO0123604.GenBankAX110995Sequence 1728 from Patent WO0123604.GenBankZ16422S.aureus dfrB gene for dihydrofolate reductase.GenBankU39769Staphylococcus aureus 16S-23S ribosomal RNA spacer region.GenBankU02910Staphylococcus aureusATCC 2592316S rRNA gene, partial sequence.GenBankAF053568Staphylococcus aureusATCC 25923heat shock protein 60 gene, partial cds.GenBankAB047239Staphylococcus aureus DNA, complete structure of cassette chromosome(SCC)-like element, strain:ATCC25923.",Unknown,Whole-genome Sequencing,Unknown,BioinformaticsEnteric disease researchInfectious disease researchMedia testingQuality controlWater testing,"CAMP testAssay of wood smoke concentrateControl strainControl strain for identificationEvaluation of Mueller-Hinton agarExamination of dairy productsMedia testingQuality control strainReference materialSusceptibility disc testingEnteric ResearchWater testingSusceptibility disc testing ampicillinSusceptibility disc testing caryomycinSusceptibility disc testing cephalexinSusceptibility disc testing cephaloglycinSusceptibility disc testing cephaloridine cephalomycinSusceptibility disc testing cephalothinSusceptibility disc testing chloramphenicolSusceptibility disc testing erythromycinSusceptibility disc testing gentamicins gentamicinSusceptibility disc testing kanamycinSusceptibility disc testing novobiocinSusceptibility disc testing tetracyclineSusceptibility testingCAMP test for Listeria monocytogenesQuality control strain for Abbott, and Autobac products",Unknown,"GenBankAX110511Sequence 1244 from Patent WO0123604.GenBankAX110995Sequence 1728 from Patent WO0123604.GenBankZ16422S.aureus dfrB gene for dihydrofolate reductase.GenBankU39769Staphylococcus aureus 16S-23S ribosomal RNA spacer region.GenBankU02910Staphylococcus aureusATCC 2592316S rRNA gene, partial sequence.GenBankAF053568Staphylococcus aureusATCC 25923heat shock protein 60 gene, partial cds.GenBankAB047239Staphylococcus aureus DNA, complete structure of cassette chromosome(SCC)-like element, strain:ATCC25923.",Unknown,Unknown,Unknown,Unknown,Unknown,Unknown,Unknown
NBF,25923,Staphylococcus aureussubsp.aureusRosenbach,Seattle 1945,Preceptrol culture,No,Clinical isolate,Unknown,Unknown,Unknown,ATCC Medium 18: Trypticase Soy Agar/Broth,37°C,Aerobic,"Open vial according to enclosed instructions.Using a single tube of #18 broth (5 to 6 mL), withdraw approximately 0.5 to 1.0 mL with a Pasteur or 1.0 mL pipette.  Rehydrate the entire pellet.Aseptically transfer this aliquot back into the broth tube.  Mix well.Use several drops of the suspension to inoculate a #18 agar slant and/or plate.Incubate the tubes and plate at 37°C for 24 hours.",Freeze-dried,2°C to 8°C,BSL 2,https://www.atcc.org/api/product/sds?atcc_number=25923,https://www.atcc.org/products/25923,"This product is intended for laboratory research use only. It is not intended for any animal or human therapeutic use, any human or animal consumption, or any diagnostic use.",Permit required for delivery (check ATCC catalog terms),Yes,"GenBankAX110511Sequence 1244 from Patent WO0123604.GenBankAX110995Sequence 1728 from Patent WO0123604.GenBankZ16422S.aureus dfrB gene for dihydrofolate reductase.GenBankU39769Staphylococcus aureus 16S-23S ribosomal RNA spacer region.GenBankU02910Staphylococcus aureusATCC 2592316S rRNA gene, partial sequence.GenBankAF053568Staphylococcus aureusATCC 25923heat shock protein 60 gene, partial cds.GenBankAB047239Staphylococcus aureus DNA, complete structure of cassette chromosome(SCC)-like element, strain:ATCC25923.",Unknown,Whole-genome Sequencing,Unknown,BioinformaticsEnteric disease researchInfectious disease researchMedia testingQuality controlWater testing,"CAMP testAssay of wood smoke concentrateControl strainControl strain for identificationEvaluation of Mueller-Hinton agarExamination of dairy productsMedia testingQuality control strainReference materialSusceptibility disc testingEnteric ResearchWater testingSusceptibility disc testing ampicillinSusceptibility disc testing caryomycinSusceptibility disc testing cephalexinSusceptibility disc testing cephaloglycinSusceptibility disc testing cephaloridine cephalomycinSusceptibility disc testing cephalothinSusceptibility disc testing chloramphenicolSusceptibility disc testing erythromycinSusceptibility disc testing gentamicins gentamicinSusceptibility disc testing kanamycinSusceptibility disc testing novobiocinSusceptibility disc testing tetracyclineSusceptibility testingCAMP test for Listeria monocytogenesQuality control strain for Abbott, and Autobac products",Unknown,"GenBankAX110511Sequence 1244 from Patent WO0123604.GenBankAX110995Sequence 1728 from Patent WO0123604.GenBankZ16422S.aureus dfrB gene for dihydrofolate reductase.GenBankU39769Staphylococcus aureus 16S-23S ribosomal RNA spacer region.GenBankU02910Staphylococcus aureusATCC 2592316S rRNA gene, partial sequence.GenBankAF053568Staphylococcus aureusATCC 25923heat shock protein 60 gene, partial cds.GenBankAB047239Staphylococcus aureus DNA, complete structure of cassette chromosome(SCC)-like element, strain:ATCC25923.",Unknown,Unknown,Unknown,Unknown,Unknown,Unknown,Unknown
NBF,13883,Klebsiella pneumoniaesubsp.pneumoniae(Schroeter) Trevisan,"NCTC 9633 [NCDC 298-53, NCDC 410-68]",Preceptrol culture,Yes,Unknown,Unknown,Unknown,Unknown,ATCC Medium 3: Nutrient agar or nutrient broth,37°C,Aerobic,"Open vial according to enclosed instructions.Using a single tube of #3 broth (5 to 6 mL), withdraw approximately 0.5 to 1.0 mL with a Pasteur or 1.0 mL pipette. Rehydrate the entire pellet.Aseptically transfer this aliquot back into the broth tube. Mix well.Use several drops of the suspension to inoculate a #3 agar slant and/or plate.Incubate all tubes and plate at 37°C for 24 hours.",Freeze-dried,2°C to 8°C,BSL 2,https://www.atcc.org/api/product/sds?atcc_number=13883,https://www.atcc.org/products/13883,"This product is intended for laboratory research use only. It is not intended for any animal or human therapeutic use, any human or animal consumption, or any diagnostic use.",Permit required for delivery (check ATCC catalog terms),Yes,"GenBankX87284K.pneumoniae 23S rRNA gene,ATCC 13883T.GenBankY11487K.pneumoniae ribosomal RNA, strain ATCC13883.GenBankAX109584Sequence 317 from Patent WO0123604.GenBankAX111035Sequence 1768 from Patent WO0123604.GenBankAX111049Sequence 1782 from Patent WO0123604.GenBankAX111221Sequence 1954 from Patent WO0123604.GenBankAX111487Sequence 2220 from Patent WO0123604.GenBankAX111508Sequence 2241 from Patent WO0123604.GenBankAX111528Sequence 2261 from Patent WO0123604.GenBankAF190857Klebsiella pneumoniae cloacin operon, complete sequence.GenBankU67169Klebsiella pneumoniae flavodoxin (fldA) gene, complete cds.GenBankAF038432Klebsiella pneumoniae DNA gyrase A (gyrA) gene, partial cds.GenBankAF052258Klebsiella pneumoniae DNA gyrase A (gyrA) gene, partial cds.GenBankU77444Klebsiella pneumoniae RNA polymerase beta-subunit (rpoB) gene, partial cds.GenBankU14463Klebsiella pneumoniaeATCC 138836-phosphogluconate dehydrogenase (gnd) gene, partial cds.GenBankM66869Klebsiella pneumoniae (ATCC 13883) glyceraldehyde-3-phosphate dehydrogenase gene, partial cds.GenBankL23871Klebsiella pneumonia flavodoxin (fldA) gene, partial cds, ferric uptake regulation (fur) gene, complete cds, and citrate transport protein (citA) gene, partial cds.",3,Whole-genome Sequencing,Unknown,BioinformaticsFood testingInfectious disease researchMedia testingQuality controlRespiratory disease researchWater testing,"Assay of antimicrobial preservativesBacterial resistance testing adhesivesBioresistance testingMedia testingQuality control strainQuality control strain for Abbott, API and bioMerieux Vitek, IDS, and Sensititre productsThis strain is recommended by ATCC for use in the tests described in ASTM Standard Test Methods D4783-89 and E979-91 where only the taxon is specified.Food testingRespiratory researchRecommended as a test microorganism for ASTM E2275: Standard Practice for Evaluating Water-Miscible Metalworking Fluid Bioresistance and Antimicrobial Pesticide Performance",Unknown,"GenBankX87284K.pneumoniae 23S rRNA gene,ATCC 13883T.GenBankY11487K.pneumoniae ribosomal RNA, strain ATCC13883.GenBankAX109584Sequence 317 from Patent WO0123604.GenBankAX111035Sequence 1768 from Patent WO0123604.GenBankAX111049Sequence 1782 from Patent WO0123604.GenBankAX111221Sequence 1954 from Patent WO0123604.GenBankAX111487Sequence 2220 from Patent WO0123604.GenBankAX111508Sequence 2241 from Patent WO0123604.GenBankAX111528Sequence 2261 from Patent WO0123604.GenBankAF190857Klebsiella pneumoniae cloacin operon, complete sequence.GenBankU67169Klebsiella pneumoniae flavodoxin (fldA) gene, complete cds.GenBankAF038432Klebsiella pneumoniae DNA gyrase A (gyrA) gene, partial cds.GenBankAF052258Klebsiella pneumoniae DNA gyrase A (gyrA) gene, partial cds.GenBankU77444Klebsiella pneumoniae RNA polymerase beta-subunit (rpoB) gene, partial cds.GenBankU14463Klebsiella pneumoniaeATCC 138836-phosphogluconate dehydrogenase (gnd) gene, partial cds.GenBankM66869Klebsiella pneumoniae (ATCC 13883) glyceraldehyde-3-phosphate dehydrogenase gene, partial cds.GenBankL23871Klebsiella pneumonia flavodoxin (fldA) gene, partial cds, ferric uptake regulation (fur) gene, complete cds, and citrate transport protein (citA) gene, partial cds.",Unknown,Unknown,Unknown,Unknown,Unknown,Unknown,Unknown
NBF,13883,Klebsiella pneumoniaesubsp.pneumoniae(Schroeter) Trevisan,"NCTC 9633 [NCDC 298-53, NCDC 410-68]",Preceptrol culture,Yes,Unknown,Unknown,Unknown,Unknown,ATCC Medium 3: Nutrient agar or nutrient broth,37°C,Aerobic,"Open vial according to enclosed instructions.Using a single tube of #3 broth (5 to 6 mL), withdraw approximately 0.5 to 1.0 mL with a Pasteur or 1.0 mL pipette. Rehydrate the entire pellet.Aseptically transfer this aliquot back into the broth tube. Mix well.Use several drops of the suspension to inoculate a #3 agar slant and/or plate.Incubate all tubes and plate at 37°C for 24 hours.",Freeze-dried,2°C to 8°C,BSL 2,https://www.atcc.org/api/product/sds?atcc_number=13883,https://www.atcc.org/products/13883,"This product is intended for laboratory research use only. It is not intended for any animal or human therapeutic use, any human or animal consumption, or any diagnostic use.",Permit required for delivery (check ATCC catalog terms),Yes,"GenBankX87284K.pneumoniae 23S rRNA gene,ATCC 13883T.GenBankY11487K.pneumoniae ribosomal RNA, strain ATCC13883.GenBankAX109584Sequence 317 from Patent WO0123604.GenBankAX111035Sequence 1768 from Patent WO0123604.GenBankAX111049Sequence 1782 from Patent WO0123604.GenBankAX111221Sequence 1954 from Patent WO0123604.GenBankAX111487Sequence 2220 from Patent WO0123604.GenBankAX111508Sequence 2241 from Patent WO0123604.GenBankAX111528Sequence 2261 from Patent WO0123604.GenBankAF190857Klebsiella pneumoniae cloacin operon, complete sequence.GenBankU67169Klebsiella pneumoniae flavodoxin (fldA) gene, complete cds.GenBankAF038432Klebsiella pneumoniae DNA gyrase A (gyrA) gene, partial cds.GenBankAF052258Klebsiella pneumoniae DNA gyrase A (gyrA) gene, partial cds.GenBankU77444Klebsiella pneumoniae RNA polymerase beta-subunit (rpoB) gene, partial cds.GenBankU14463Klebsiella pneumoniaeATCC 138836-phosphogluconate dehydrogenase (gnd) gene, partial cds.GenBankM66869Klebsiella pneumoniae (ATCC 13883) glyceraldehyde-3-phosphate dehydrogenase gene, partial cds.GenBankL23871Klebsiella pneumonia flavodoxin (fldA) gene, partial cds, ferric uptake regulation (fur) gene, complete cds, and citrate transport protein (citA) gene, partial cds.",3,Whole-genome Sequencing,Unknown,BioinformaticsFood testingInfectious disease researchMedia testingQuality controlRespiratory disease researchWater testing,"Assay of antimicrobial preservativesBacterial resistance testing adhesivesBioresistance testingMedia testingQuality control strainQuality control strain for Abbott, API and bioMerieux Vitek, IDS, and Sensititre productsThis strain is recommended by ATCC for use in the tests described in ASTM Standard Test Methods D4783-89 and E979-91 where only the taxon is specified.Food testingRespiratory researchRecommended as a test microorganism for ASTM E2275: Standard Practice for Evaluating Water-Miscible Metalworking Fluid Bioresistance and Antimicrobial Pesticide Performance",Unknown,"GenBankX87284K.pneumoniae 23S rRNA gene,ATCC 13883T.GenBankY11487K.pneumoniae ribosomal RNA, strain ATCC13883.GenBankAX109584Sequence 317 from Patent WO0123604.GenBankAX111035Sequence 1768 from Patent WO0123604.GenBankAX111049Sequence 1782 from Patent WO0123604.GenBankAX111221Sequence 1954 from Patent WO0123604.GenBankAX111487Sequence 2220 from Patent WO0123604.GenBankAX111508Sequence 2241 from Patent WO0123604.GenBankAX111528Sequence 2261 from Patent WO0123604.GenBankAF190857Klebsiella pneumoniae cloacin operon, complete sequence.GenBankU67169Klebsiella pneumoniae flavodoxin (fldA) gene, complete cds.GenBankAF038432Klebsiella pneumoniae DNA gyrase A (gyrA) gene, partial cds.GenBankAF052258Klebsiella pneumoniae DNA gyrase A (gyrA) gene, partial cds.GenBankU77444Klebsiella pneumoniae RNA polymerase beta-subunit (rpoB) gene, partial cds.GenBankU14463Klebsiella pneumoniaeATCC 138836-phosphogluconate dehydrogenase (gnd) gene, partial cds.GenBankM66869Klebsiella pneumoniae (ATCC 13883) glyceraldehyde-3-phosphate dehydrogenase gene, partial cds.GenBankL23871Klebsiella pneumonia flavodoxin (fldA) gene, partial cds, ferric uptake regulation (fur) gene, complete cds, and citrate transport protein (citA) gene, partial cds.",Unknown,Unknown,Unknown,Unknown,Unknown,Unknown,Unknown
NBF,19434,Enterococcus faecium(Orla-Jensen) Schleifer and Kilpper-Balz,"NCTC 7171 [DSM 20477, JCM 8727, NCDO 942]",Preceptrol culture,Yes,Unknown,Unknown,Unknown,Unknown,ATCC Medium 44: Brain Heart Infusion Agar/Broth,37°C,Aerobic,"Open vial according to enclosed instructions.Using a single tube of #44 broth (5 to 6 mL), withdraw approximately 0.5 to 1.0 mL with a Pasteur or 1.0 mL pipette. Rehydrate the entire pellet.Aseptically transfer this aliquot back into the broth tube. Mix well.Use several drops of the suspension to inoculate a #44 agar slant and/or plate.Incubate the tubes and plate at 37°C for 24 hours.",Freeze-dried,2°C to 8°C,BSL 2,https://www.atcc.org/api/product/sds?atcc_number=19434,https://www.atcc.org/products/19434,"This product is intended for laboratory research use only. It is not intended for any animal or human therapeutic use, any human or animal consumption, or any diagnostic use.",Permit required for delivery (check ATCC catalog terms),Yes,"GenBankAH005622Enterococcus faecium.GenBankAX109559Sequence 292 from Patent WO0123604.GenBankAX109875Sequence 608 from Patent WO0123604.GenBankAX109888Sequence 621 from Patent WO0123604.GenBankAX111137Sequence 1870 from Patent WO0123604.GenBankL78127Enterococcus faecium genomic DNA fragment.GenBankX87181E.faecium 23S-5S rRNA spacer DNA, strain ATCC 19434.GenBankX87180E.faecium 16S-23S rRNA spacer DNA, strain ATCC 19434.GenBankAF029770Enterococcus faecium clone pEMH19 insertion sequence IS1485 left junction.GenBankAF029771Enterococcus faecium clone pEMH19 insertion sequence IS1485 right junction.GenBankAJ387913Enterococcus faecium partial sodA gene for superoxide dismutase, strain CIP 103014 T (ATCC 19434).",Grumbach serotype 11,Whole-genome Sequencing,Unknown,Enteric disease researchInfectious disease research,Testing antimicrobial handwashing formulations,Unknown,"GenBankAH005622Enterococcus faecium.GenBankAX109559Sequence 292 from Patent WO0123604.GenBankAX109875Sequence 608 from Patent WO0123604.GenBankAX109888Sequence 621 from Patent WO0123604.GenBankAX111137Sequence 1870 from Patent WO0123604.GenBankL78127Enterococcus faecium genomic DNA fragment.GenBankX87181E.faecium 23S-5S rRNA spacer DNA, strain ATCC 19434.GenBankX87180E.faecium 16S-23S rRNA spacer DNA, strain ATCC 19434.GenBankAF029770Enterococcus faecium clone pEMH19 insertion sequence IS1485 left junction.GenBankAF029771Enterococcus faecium clone pEMH19 insertion sequence IS1485 right junction.GenBankAJ387913Enterococcus faecium partial sodA gene for superoxide dismutase, strain CIP 103014 T (ATCC 19434).",Unknown,Unknown,Unknown,Unknown,Unknown,Unknown,Unknown
NBF,19434,Enterococcus faecium(Orla-Jensen) Schleifer and Kilpper-Balz,"NCTC 7171 [DSM 20477, JCM 8727, NCDO 942]",Preceptrol culture,Yes,Unknown,Unknown,Unknown,Unknown,ATCC Medium 44: Brain Heart Infusion Agar/Broth,37°C,Aerobic,"Open vial according to enclosed instructions.Using a single tube of #44 broth (5 to 6 mL), withdraw approximately 0.5 to 1.0 mL with a Pasteur or 1.0 mL pipette. Rehydrate the entire pellet.Aseptically transfer this aliquot back into the broth tube. Mix well.Use several drops of the suspension to inoculate a #44 agar slant and/or plate.Incubate the tubes and plate at 37°C for 24 hours.",Freeze-dried,2°C to 8°C,BSL 2,https://www.atcc.org/api/product/sds?atcc_number=19434,https://www.atcc.org/products/19434,"This product is intended for laboratory research use only. It is not intended for any animal or human therapeutic use, any human or animal consumption, or any diagnostic use.",Permit required for delivery (check ATCC catalog terms),Yes,"GenBankAH005622Enterococcus faecium.GenBankAX109559Sequence 292 from Patent WO0123604.GenBankAX109875Sequence 608 from Patent WO0123604.GenBankAX109888Sequence 621 from Patent WO0123604.GenBankAX111137Sequence 1870 from Patent WO0123604.GenBankL78127Enterococcus faecium genomic DNA fragment.GenBankX87181E.faecium 23S-5S rRNA spacer DNA, strain ATCC 19434.GenBankX87180E.faecium 16S-23S rRNA spacer DNA, strain ATCC 19434.GenBankAF029770Enterococcus faecium clone pEMH19 insertion sequence IS1485 left junction.GenBankAF029771Enterococcus faecium clone pEMH19 insertion sequence IS1485 right junction.GenBankAJ387913Enterococcus faecium partial sodA gene for superoxide dismutase, strain CIP 103014 T (ATCC 19434).",Grumbach serotype 11,Whole-genome Sequencing,Unknown,Enteric disease researchInfectious disease research,Testing antimicrobial handwashing formulations,Unknown,"GenBankAH005622Enterococcus faecium.GenBankAX109559Sequence 292 from Patent WO0123604.GenBankAX109875Sequence 608 from Patent WO0123604.GenBankAX109888Sequence 621 from Patent WO0123604.GenBankAX111137Sequence 1870 from Patent WO0123604.GenBankL78127Enterococcus faecium genomic DNA fragment.GenBankX87181E.faecium 23S-5S rRNA spacer DNA, strain ATCC 19434.GenBankX87180E.faecium 16S-23S rRNA spacer DNA, strain ATCC 19434.GenBankAF029770Enterococcus faecium clone pEMH19 insertion sequence IS1485 left junction.GenBankAF029771Enterococcus faecium clone pEMH19 insertion sequence IS1485 right junction.GenBankAJ387913Enterococcus faecium partial sodA gene for superoxide dismutase, strain CIP 103014 T (ATCC 19434).",Unknown,Unknown,Unknown,Unknown,Unknown,Unknown,Unknown
NBF,13047,"Enterobacter cloacaesubsp.cloacae(Jordan) Hormaeche and Edwards, subsp. nov.","CDC 442-68 [Cloaca A, IFO 13535, NCDC 279-56 , NCTC 10005]",Preceptrol culture,Yes,Spinal fluid,Unknown,Unknown,Unknown,ATCC Medium 3: Nutrient agar or nutrient broth,30°C,Aerobic,"Open vial according to enclosed instructions.Using a single tube of #3 broth (5 to 6 mL), withdraw approximately 0.5 to 1.0 mL with a Pasteur or 1.0 mL pipette. Rehydrate the entire pellet.Aseptically transfer this aliquot back into the broth tube. Mix well.Use several drops of the suspension to inoculate a #3 agar slant and/or plate.Incubate the tubes and plate at 30°C for 24 hours.",Freeze-dried,2°C to 8°C,BSL 1,https://www.atcc.org/api/product/sds?atcc_number=13047,https://www.atcc.org/products/13047,"This product is intended for laboratory research use only. It is not intended for any animal or human therapeutic use, any human or animal consumption, or any diagnostic use.",Permit required for delivery (check ATCC catalog terms),Yes,"GenBankAX109551Sequence 284 from Patent WO0123604.GenBankAX111486Sequence 2219 from Patent WO0123604.GenBankAX111507Sequence 2240 from Patent WO0123604.GenBankAX111527Sequence 2260 from Patent WO0123604.GenBankAF052256Enterobacter cloacae DNA gyrase A (gyrA) gene, partial cds.GenBankAY013713Enterobacter cloacae retro-nitroreductase gene, complete cdsGenBankU65720Enterobacter cloacae 16S ribosomal RNA gene, partial sequence.GenBankU77435Enterobacter cloacae RNA polymerase beta-subunit (rpoB) gene, partial cds.",Unknown,Whole-genome Sequencing,Unknown,BioinformaticsQuality control,"Quality control strainQuality control strain for API, BBL, and Sensititre products",Unknown,"GenBankAX109551Sequence 284 from Patent WO0123604.GenBankAX111486Sequence 2219 from Patent WO0123604.GenBankAX111507Sequence 2240 from Patent WO0123604.GenBankAX111527Sequence 2260 from Patent WO0123604.GenBankAF052256Enterobacter cloacae DNA gyrase A (gyrA) gene, partial cds.GenBankAY013713Enterobacter cloacae retro-nitroreductase gene, complete cdsGenBankU65720Enterobacter cloacae 16S ribosomal RNA gene, partial sequence.GenBankU77435Enterobacter cloacae RNA polymerase beta-subunit (rpoB) gene, partial cds.",Unknown,Unknown,Unknown,Unknown,Unknown,Unknown,Unknown
NBF,13047,"Enterobacter cloacaesubsp.cloacae(Jordan) Hormaeche and Edwards, subsp. nov.","CDC 442-68 [Cloaca A, IFO 13535, NCDC 279-56 , NCTC 10005]",Preceptrol culture,Yes,Spinal fluid,Unknown,Unknown,Unknown,ATCC Medium 3: Nutrient agar or nutrient broth,30°C,Aerobic,"Open vial according to enclosed instructions.Using a single tube of #3 broth (5 to 6 mL), withdraw approximately 0.5 to 1.0 mL with a Pasteur or 1.0 mL pipette. Rehydrate the entire pellet.Aseptically transfer this aliquot back into the broth tube. Mix well.Use several drops of the suspension to inoculate a #3 agar slant and/or plate.Incubate the tubes and plate at 30°C for 24 hours.",Freeze-dried,2°C to 8°C,BSL 1,https://www.atcc.org/api/product/sds?atcc_number=13047,https://www.atcc.org/products/13047,"This product is intended for laboratory research use only. It is not intended for any animal or human therapeutic use, any human or animal consumption, or any diagnostic use.",Permit required for delivery (check ATCC catalog terms),Yes,"GenBankAX109551Sequence 284 from Patent WO0123604.GenBankAX111486Sequence 2219 from Patent WO0123604.GenBankAX111507Sequence 2240 from Patent WO0123604.GenBankAX111527Sequence 2260 from Patent WO0123604.GenBankAF052256Enterobacter cloacae DNA gyrase A (gyrA) gene, partial cds.GenBankAY013713Enterobacter cloacae retro-nitroreductase gene, complete cdsGenBankU65720Enterobacter cloacae 16S ribosomal RNA gene, partial sequence.GenBankU77435Enterobacter cloacae RNA polymerase beta-subunit (rpoB) gene, partial cds.",Unknown,Whole-genome Sequencing,Unknown,BioinformaticsQuality control,"Quality control strainQuality control strain for API, BBL, and Sensititre products",Unknown,"GenBankAX109551Sequence 284 from Patent WO0123604.GenBankAX111486Sequence 2219 from Patent WO0123604.GenBankAX111507Sequence 2240 from Patent WO0123604.GenBankAX111527Sequence 2260 from Patent WO0123604.GenBankAF052256Enterobacter cloacae DNA gyrase A (gyrA) gene, partial cds.GenBankAY013713Enterobacter cloacae retro-nitroreductase gene, complete cdsGenBankU65720Enterobacter cloacae 16S ribosomal RNA gene, partial sequence.GenBankU77435Enterobacter cloacae RNA polymerase beta-subunit (rpoB) gene, partial cds.",Unknown,Unknown,Unknown,Unknown,Unknown,Unknown,Unknown
ATCC 23330,23330,Kingella kingae(Henriksen and Bovre) Henriksen and Bovre,"4177/66 [CCUG 352, CIP 80.16, DSM 7536, NCTC 10529]",Unknown,Yes,Nose,Human,Unknown,Unknown,ATCC Medium 44: Brain Heart Infusion Agar/BrothATCC Medium 260: Trypticase soy agar/broth with defibrinated sheep blood,37°C,Aerobic,"Open vial according to enclosed instructions.From a single tube of #44 broth (5 to 6 mL), withdraw approximately 0.5 to 1 mL with a Pasteur or 1.0 mL pipette.  Rehydrate the entire pellet.Aseptically transfer this aliquot back into the broth tube.  Mix well.Use several drops of the suspension to inoculate a #260 agar slant and/or plate.Incubate all tubes and plate at 37°C for 24 to 48 hours.",Freeze-dried,2°C to 8°C,BSL 2,https://www.atcc.org/api/product/sds?atcc_number=23330,https://www.atcc.org/products/23330,"This product is intended for laboratory research use only. It is not intended for any animal or human therapeutic use, any human or animal consumption, or any diagnostic use.",Permit required for delivery (check ATCC catalog terms),Yes,"GenBankAX109579Sequence 312 from Patent WO0123604.GenBankM22517Kingella kingae 16S ribosomal RNA, complete sequence.GenBankAY551999Kingella kingae strainATCC 2333016S ribosomal RNA gene, partial sequence",Unknown,Whole-genome Sequencing,Unknown,Unknown,Unknown,Unknown,"GenBankAX109579Sequence 312 from Patent WO0123604.GenBankM22517Kingella kingae 16S ribosomal RNA, complete sequence.GenBankAY551999Kingella kingae strainATCC 2333016S ribosomal RNA gene, partial sequence",Unknown,Unknown,Unknown,Unknown,Unknown,Unknown,Unknown
ATCC 23330,23330,Kingella kingae(Henriksen and Bovre) Henriksen and Bovre,"4177/66 [CCUG 352, CIP 80.16, DSM 7536, NCTC 10529]",Unknown,Yes,Nose,Human,Unknown,Unknown,ATCC Medium 44: Brain Heart Infusion Agar/BrothATCC Medium 260: Trypticase soy agar/broth with defibrinated sheep blood,37°C,Aerobic,"Open vial according to enclosed instructions.From a single tube of #44 broth (5 to 6 mL), withdraw approximately 0.5 to 1 mL with a Pasteur or 1.0 mL pipette.  Rehydrate the entire pellet.Aseptically transfer this aliquot back into the broth tube.  Mix well.Use several drops of the suspension to inoculate a #260 agar slant and/or plate.Incubate all tubes and plate at 37°C for 24 to 48 hours.",Freeze-dried,2°C to 8°C,BSL 2,https://www.atcc.org/api/product/sds?atcc_number=23330,https://www.atcc.org/products/23330,"This product is intended for laboratory research use only. It is not intended for any animal or human therapeutic use, any human or animal consumption, or any diagnostic use.",Permit required for delivery (check ATCC catalog terms),Yes,"GenBankAX109579Sequence 312 from Patent WO0123604.GenBankM22517Kingella kingae 16S ribosomal RNA, complete sequence.GenBankAY551999Kingella kingae strainATCC 2333016S ribosomal RNA gene, partial sequence",Unknown,Whole-genome Sequencing,Unknown,Unknown,Unknown,Unknown,"GenBankAX109579Sequence 312 from Patent WO0123604.GenBankM22517Kingella kingae 16S ribosomal RNA, complete sequence.GenBankAY551999Kingella kingae strainATCC 2333016S ribosomal RNA gene, partial sequence",Unknown,Unknown,Unknown,Unknown,Unknown,Unknown,Unknown
ATCC 6380,6380,Proteus vulgarisHauser emend. Judicial Commission,Unknown,Preceptrol culture,No,Unknown,Unknown,Unknown,Unknown,ATCC Medium 3: Nutrient agar or nutrient broth,37°C,Aerobic,Open vial according to enclosed instructions or visit www.atcc.org for instructions.Rehydrate the entire pellet with approximately 0.5 mL of #3 broth. Aseptically transfer the entire contents to a 5-6 mL tube of #3 broth. Additional test tubes can be inoculated by transferring 0.5 mL of the primary broth tube to these secondary tubes.Use several drops of the primary broth tube to inoculate a #3 plate and/or #3 agar slant.Incubate at 37°C for 24-48 hours.,Freeze-dried,2°C to 8°C,BSL 2,https://www.atcc.org/api/product/sds?atcc_number=6380,https://www.atcc.org/products/6380,"This product is intended for laboratory research use only. It is not intended for any animal or human therapeutic use, any human or animal consumption, or any diagnostic use.",Permit required for delivery (check ATCC catalog terms),Yes,Unknown,Unknown,Whole-genome Sequencing,Unknown,Quality control,Quality control strainQuality control strain for Autobac and Roche Diagnostics products,Unknown,Unknown,Unknown,Unknown,Unknown,Unknown,Unknown,Unknown,Unknown
ATCC 6380,6380,Proteus vulgarisHauser emend. Judicial Commission,Unknown,Preceptrol culture,No,Unknown,Unknown,Unknown,Unknown,ATCC Medium 3: Nutrient agar or nutrient broth,37°C,Aerobic,Open vial according to enclosed instructions or visit www.atcc.org for instructions.Rehydrate the entire pellet with approximately 0.5 mL of #3 broth. Aseptically transfer the entire contents to a 5-6 mL tube of #3 broth. Additional test tubes can be inoculated by transferring 0.5 mL of the primary broth tube to these secondary tubes.Use several drops of the primary broth tube to inoculate a #3 plate and/or #3 agar slant.Incubate at 37°C for 24-48 hours.,Freeze-dried,2°C to 8°C,BSL 2,https://www.atcc.org/api/product/sds?atcc_number=6380,https://www.atcc.org/products/6380,"This product is intended for laboratory research use only. It is not intended for any animal or human therapeutic use, any human or animal consumption, or any diagnostic use.",Permit required for delivery (check ATCC catalog terms),Yes,Unknown,Unknown,Whole-genome Sequencing,Unknown,Quality control,Quality control strainQuality control strain for Autobac and Roche Diagnostics products,Unknown,Unknown,Unknown,Unknown,Unknown,Unknown,Unknown,Unknown,Unknown
ATCC 25830,25830,Morganella morganiisubsp.morganii(Winslow et al.) Fulton,"M11 [33 M, ATCC 8076H, NCTC 235]",Preceptrol culture,Yes,Patient with summer diarrhea,Human,Unknown,Unknown,ATCC Medium 3: Nutrient agar or nutrient broth,37°C,Aerobic,Open vial according to enclosed instructions or visit www.atcc.org for instructions.Rehydrate the entire pellet with approximately 0.5 mL of #3 broth. Aseptically transfer the entire contents to a 5-6 mL tube of #3 broth. Additional test tubes can be inoculated by transferring 0.5 mL of the primary broth tube to these secondary tubes.Use several drops of the primary broth tube to inoculate a #3 plate and/or #3 agar slant.Incubate at 37°C for 24 hours.,Freeze-dried,2°C to 8°C,BSL 2,https://www.atcc.org/api/product/sds?atcc_number=25830,https://www.atcc.org/products/25830,"This product is intended for laboratory research use only. It is not intended for any animal or human therapeutic use, any human or animal consumption, or any diagnostic use.",Permit required for delivery (check ATCC catalog terms),Yes,GenBankAX109388Sequence 121 from Patent WO0123604.GenBankAX109596Sequence 329 from Patent WO0123604.,Unknown,Whole-genome Sequencing,Unknown,Quality control,Quality control strain,Unknown,GenBankAX109388Sequence 121 from Patent WO0123604.GenBankAX109596Sequence 329 from Patent WO0123604.,Unknown,Unknown,Unknown,Unknown,Unknown,Unknown,Unknown
ATCC 25830,25830,Morganella morganiisubsp.morganii(Winslow et al.) Fulton,"M11 [33 M, ATCC 8076H, NCTC 235]",Preceptrol culture,Yes,Patient with summer diarrhea,Human,Unknown,Unknown,ATCC Medium 3: Nutrient agar or nutrient broth,37°C,Aerobic,Open vial according to enclosed instructions or visit www.atcc.org for instructions.Rehydrate the entire pellet with approximately 0.5 mL of #3 broth. Aseptically transfer the entire contents to a 5-6 mL tube of #3 broth. Additional test tubes can be inoculated by transferring 0.5 mL of the primary broth tube to these secondary tubes.Use several drops of the primary broth tube to inoculate a #3 plate and/or #3 agar slant.Incubate at 37°C for 24 hours.,Freeze-dried,2°C to 8°C,BSL 2,https://www.atcc.org/api/product/sds?atcc_number=25830,https://www.atcc.org/products/25830,"This product is intended for laboratory research use only. It is not intended for any animal or human therapeutic use, any human or animal consumption, or any diagnostic use.",Permit required for delivery (check ATCC catalog terms),Yes,GenBankAX109388Sequence 121 from Patent WO0123604.GenBankAX109596Sequence 329 from Patent WO0123604.,Unknown,Whole-genome Sequencing,Unknown,Quality control,Quality control strain,Unknown,GenBankAX109388Sequence 121 from Patent WO0123604.GenBankAX109596Sequence 329 from Patent WO0123604.,Unknown,Unknown,Unknown,Unknown,Unknown,Unknown,Unknown
ATCC 25238,25238,Moraxella catarrhalis(Frosch and Kolle) Bovre,"Ne 11 [CCUG 353, LMG 11192, NCTC 11020]",Preceptrol culture,Yes,Unknown,Unknown,Unknown,Unknown,ATCC Medium 44: Brain Heart Infusion Agar/Broth,37°C,"95% Air, 5% CO2",Open vial according to enclosed instructions or visit www.atcc.org for instructions.Rehydrate the entire pellet with approximately 0.5 mL of #44 broth. Aseptically transfer the entire contents to a 5-6 mL tube of #44 broth. Additional test tubes can be inoculated by transferring 0.5 mL of the primary broth tube to these secondary broth tubes.Use several drops of the primary broth tube to inoculate a #44 plate and/or #44 agar slant.Incubate at 37°C for 24-48 hours in an atmosphere of 5% CO2.,Freeze-dried,2°C to 8°C,BSL 1,https://www.atcc.org/api/product/sds?atcc_number=25238,https://www.atcc.org/products/25238,"This product is intended for laboratory research use only. It is not intended for any animal or human therapeutic use, any human or animal consumption, or any diagnostic use.",Permit required for delivery (check ATCC catalog terms),Yes,"GenBankAJ247218Moraxella catarrhalis 16S rRNA gene, partial.GenBankU10876Moraxella catarrhalisATCC 2523816S rRNA gene.GenBankAJ228758Moraxella (Branhamella) catarrhalis 23S rRNA gene, partial.GenBankAF005185Moraxella catarrhalis 16S ribosomal RNA gene, partial sequence.GenBankAF248584Moraxella catarrhalis UDP-glucose dehydrogenase gene, partial cds; and UDP-glucose 4-epimerase (galE) and L-glutamine:D-fructose-6-phosphate aminotransferase (glmS) genes, complete cds.GenBankU73324Moraxella catarrhalis glycyl-tRNA synthetase beta subunit (GlyRS) and NAD repressor/NMN transporter NadRp (NadR) genes, partial cds, and glycyl-tRNA synthetase alpha subunit (GlyRS) gene, complete cds.",Unknown,Whole-genome Sequencing,Unknown,Quality control,Quality control strain for BBL products. Formally quality control strain  for bioMerieux Vitek products,Unknown,"GenBankAJ247218Moraxella catarrhalis 16S rRNA gene, partial.GenBankU10876Moraxella catarrhalisATCC 2523816S rRNA gene.GenBankAJ228758Moraxella (Branhamella) catarrhalis 23S rRNA gene, partial.GenBankAF005185Moraxella catarrhalis 16S ribosomal RNA gene, partial sequence.GenBankAF248584Moraxella catarrhalis UDP-glucose dehydrogenase gene, partial cds; and UDP-glucose 4-epimerase (galE) and L-glutamine:D-fructose-6-phosphate aminotransferase (glmS) genes, complete cds.GenBankU73324Moraxella catarrhalis glycyl-tRNA synthetase beta subunit (GlyRS) and NAD repressor/NMN transporter NadRp (NadR) genes, partial cds, and glycyl-tRNA synthetase alpha subunit (GlyRS) gene, complete cds.",Unknown,Unknown,Unknown,Unknown,Unknown,Unknown,Unknown
ATCC 25238,25238,Moraxella catarrhalis(Frosch and Kolle) Bovre,"Ne 11 [CCUG 353, LMG 11192, NCTC 11020]",Preceptrol culture,Yes,Unknown,Unknown,Unknown,Unknown,ATCC Medium 44: Brain Heart Infusion Agar/Broth,37°C,"95% Air, 5% CO2",Open vial according to enclosed instructions or visit www.atcc.org for instructions.Rehydrate the entire pellet with approximately 0.5 mL of #44 broth. Aseptically transfer the entire contents to a 5-6 mL tube of #44 broth. Additional test tubes can be inoculated by transferring 0.5 mL of the primary broth tube to these secondary broth tubes.Use several drops of the primary broth tube to inoculate a #44 plate and/or #44 agar slant.Incubate at 37°C for 24-48 hours in an atmosphere of 5% CO2.,Freeze-dried,2°C to 8°C,BSL 1,https://www.atcc.org/api/product/sds?atcc_number=25238,https://www.atcc.org/products/25238,"This product is intended for laboratory research use only. It is not intended for any animal or human therapeutic use, any human or animal consumption, or any diagnostic use.",Permit required for delivery (check ATCC catalog terms),Yes,"GenBankAJ247218Moraxella catarrhalis 16S rRNA gene, partial.GenBankU10876Moraxella catarrhalisATCC 2523816S rRNA gene.GenBankAJ228758Moraxella (Branhamella) catarrhalis 23S rRNA gene, partial.GenBankAF005185Moraxella catarrhalis 16S ribosomal RNA gene, partial sequence.GenBankAF248584Moraxella catarrhalis UDP-glucose dehydrogenase gene, partial cds; and UDP-glucose 4-epimerase (galE) and L-glutamine:D-fructose-6-phosphate aminotransferase (glmS) genes, complete cds.GenBankU73324Moraxella catarrhalis glycyl-tRNA synthetase beta subunit (GlyRS) and NAD repressor/NMN transporter NadRp (NadR) genes, partial cds, and glycyl-tRNA synthetase alpha subunit (GlyRS) gene, complete cds.",Unknown,Whole-genome Sequencing,Unknown,Quality control,Quality control strain for BBL products. Formally quality control strain  for bioMerieux Vitek products,Unknown,"GenBankAJ247218Moraxella catarrhalis 16S rRNA gene, partial.GenBankU10876Moraxella catarrhalisATCC 2523816S rRNA gene.GenBankAJ228758Moraxella (Branhamella) catarrhalis 23S rRNA gene, partial.GenBankAF005185Moraxella catarrhalis 16S ribosomal RNA gene, partial sequence.GenBankAF248584Moraxella catarrhalis UDP-glucose dehydrogenase gene, partial cds; and UDP-glucose 4-epimerase (galE) and L-glutamine:D-fructose-6-phosphate aminotransferase (glmS) genes, complete cds.GenBankU73324Moraxella catarrhalis glycyl-tRNA synthetase beta subunit (GlyRS) and NAD repressor/NMN transporter NadRp (NadR) genes, partial cds, and glycyl-tRNA synthetase alpha subunit (GlyRS) gene, complete cds.",Unknown,Unknown,Unknown,Unknown,Unknown,Unknown,Unknown
ATCC 12472,12472,Chromobacterium violaceumBergonzini,"MK [NCIB 9131, NCTC 9757]",Unknown,Yes,Freshwater,Environmental,Malaya,Unknown,ATCC Medium 3: Nutrient agar or nutrient broth,26°C,Aerobic,Open vial according to enclosed instructions or visit www.atcc.org for instructions.Rehydrate the entire pellet with approximately 0.5 mL of #3 broth. Aseptically transfer the entire contents to a 5-6 mL tube of #3 broth. Additional test tubes can be inoculated by transferring 0.5 mL of the primary broth tube to these secondary tubes.Use several drops of the primary broth tube to inoculate a #3 plate and/or #3 agar slant.Incubate at 26°C for 24-48 hours.,Freeze-dried,2°C to 8°C,BSL 2,https://www.atcc.org/api/product/sds?atcc_number=12472,https://www.atcc.org/products/12472,"This product is intended for laboratory research use only. It is not intended for any animal or human therapeutic use, any human or animal consumption, or any diagnostic use.",Permit required for delivery (check ATCC catalog terms),Yes,"GenBankM22510C.violaceum 16S ribosomal RNA, complete cds.GenBankAE016825Chromobacterium violaceumATCC 12472, complete genome.",Unknown,Whole-genome Sequencing,Unknown,Bioinformatics,Produces restriction endonucleaseCviISerine hydroxymethyltransferase synthesis,Unknown,"GenBankM22510C.violaceum 16S ribosomal RNA, complete cds.GenBankAE016825Chromobacterium violaceumATCC 12472, complete genome.",Unknown,Unknown,Unknown,Unknown,Unknown,Unknown,Unknown
ATCC 12472,12472,Chromobacterium violaceumBergonzini,"MK [NCIB 9131, NCTC 9757]",Unknown,Yes,Freshwater,Environmental,Malaya,Unknown,ATCC Medium 3: Nutrient agar or nutrient broth,26°C,Aerobic,Open vial according to enclosed instructions or visit www.atcc.org for instructions.Rehydrate the entire pellet with approximately 0.5 mL of #3 broth. Aseptically transfer the entire contents to a 5-6 mL tube of #3 broth. Additional test tubes can be inoculated by transferring 0.5 mL of the primary broth tube to these secondary tubes.Use several drops of the primary broth tube to inoculate a #3 plate and/or #3 agar slant.Incubate at 26°C for 24-48 hours.,Freeze-dried,2°C to 8°C,BSL 2,https://www.atcc.org/api/product/sds?atcc_number=12472,https://www.atcc.org/products/12472,"This product is intended for laboratory research use only. It is not intended for any animal or human therapeutic use, any human or animal consumption, or any diagnostic use.",Permit required for delivery (check ATCC catalog terms),Yes,"GenBankM22510C.violaceum 16S ribosomal RNA, complete cds.GenBankAE016825Chromobacterium violaceumATCC 12472, complete genome.",Unknown,Whole-genome Sequencing,Unknown,Bioinformatics,Produces restriction endonucleaseCviISerine hydroxymethyltransferase synthesis,Unknown,"GenBankM22510C.violaceum 16S ribosomal RNA, complete cds.GenBankAE016825Chromobacterium violaceumATCC 12472, complete genome.",Unknown,Unknown,Unknown,Unknown,Unknown,Unknown,Unknown
ATCC 49453,49453,Staphylococcus saprophyticus(Fairbrother) Shaw et al.,API 222,Unknown,No,Unknown,Unknown,Unknown,Unknown,ATCC Medium 260: Trypticase soy agar/broth with defibrinated sheep bloodATCC Medium 44: Brain Heart Infusion Agar/Broth,37°C,Aerobic,"Open vial.Using a single tube of #44 broth (5 to 6 ml), withdraw approximately 0.5 to 1.0 ml with a Pasteur or 1.0 ml pipette.  Rehydrate the entire pellet.Aseptically transfer this aliquot back into the broth tube.  Mix well.Use several drops of the suspension to inoculate a #260 agar slant and/or plate.Incubate the tubes and plate at 37oC for 24 hours.",Freeze-dried,2°C to 8°C,BSL 1,https://www.atcc.org/api/product/sds?atcc_number=49453,https://www.atcc.org/products/49453,"This product is intended for laboratory research use only. It is not intended for any animal or human therapeutic use, any human or animal consumption, or any diagnostic use.",Permit required for delivery (check ATCC catalog terms),Yes,Unknown,Unknown,Whole-genome Sequencing,Unknown,Quality control,Quality control strainQuality control strain for API products,Unknown,Unknown,Unknown,Unknown,Unknown,Unknown,Unknown,Unknown,Unknown
ATCC 49453,49453,Staphylococcus saprophyticus(Fairbrother) Shaw et al.,API 222,Unknown,No,Unknown,Unknown,Unknown,Unknown,ATCC Medium 260: Trypticase soy agar/broth with defibrinated sheep bloodATCC Medium 44: Brain Heart Infusion Agar/Broth,37°C,Aerobic,"Open vial.Using a single tube of #44 broth (5 to 6 ml), withdraw approximately 0.5 to 1.0 ml with a Pasteur or 1.0 ml pipette.  Rehydrate the entire pellet.Aseptically transfer this aliquot back into the broth tube.  Mix well.Use several drops of the suspension to inoculate a #260 agar slant and/or plate.Incubate the tubes and plate at 37oC for 24 hours.",Freeze-dried,2°C to 8°C,BSL 1,https://www.atcc.org/api/product/sds?atcc_number=49453,https://www.atcc.org/products/49453,"This product is intended for laboratory research use only. It is not intended for any animal or human therapeutic use, any human or animal consumption, or any diagnostic use.",Permit required for delivery (check ATCC catalog terms),Yes,Unknown,Unknown,Whole-genome Sequencing,Unknown,Quality control,Quality control strainQuality control strain for API products,Unknown,Unknown,Unknown,Unknown,Unknown,Unknown,Unknown,Unknown,Unknown
ATCC 27848,27848,Staphylococcus simulansKloos and Schleifer,MK 148,Unknown,Yes,Skin,Human,Unknown,Unknown,ATCC Medium 3: Nutrient agar or nutrient broth,37°C,Aerobic,Open vial.Rehydrate the entire pellet with approximately 0.5 mL of #3 broth. Aseptically transfer the entire contents to a 5-6 mL tube of #3 broth. Additional test tubes can be inoculated by transferring 0.5 mL of the primary broth tube to these secondary tubes.Use several drops of the primary broth tube to inoculate a #3 plate and/or #3 agar slant.Incubate at 37°C for 24 hours.,Freeze-dried,2°C to 8°C,BSL 2,https://www.atcc.org/api/product/sds?atcc_number=27848,https://www.atcc.org/products/27848,"This product is intended for laboratory research use only. It is not intended for any animal or human therapeutic use, any human or animal consumption, or any diagnostic use.",Permit required for delivery (check ATCC catalog terms),Yes,"GenBankAX109643Sequence 376 from Patent WO0123604.GenBankAX110997Sequence 1730 from Patent WO0123604.GenBankAF053584Staphylococcus simulansATCC 27848heat shock protein 60 gene, partial cds.GenBankAF298805Staphylococcus simulans translation elongation factor Tu (tuf) gene, partial cds.GenBankD83373Staphylococcus simulans (strain MAFF 910161, ATCC 27848T) gene for 16S rRNA, partial sequence.",Unknown,Whole-genome Sequencing,Unknown,Unknown,Unknown,Unknown,"GenBankAX109643Sequence 376 from Patent WO0123604.GenBankAX110997Sequence 1730 from Patent WO0123604.GenBankAF053584Staphylococcus simulansATCC 27848heat shock protein 60 gene, partial cds.GenBankAF298805Staphylococcus simulans translation elongation factor Tu (tuf) gene, partial cds.GenBankD83373Staphylococcus simulans (strain MAFF 910161, ATCC 27848T) gene for 16S rRNA, partial sequence.",Unknown,Unknown,Unknown,Unknown,Unknown,Unknown,Unknown
ATCC 27848,27848,Staphylococcus simulansKloos and Schleifer,MK 148,Unknown,Yes,Skin,Human,Unknown,Unknown,ATCC Medium 3: Nutrient agar or nutrient broth,37°C,Aerobic,Open vial.Rehydrate the entire pellet with approximately 0.5 mL of #3 broth. Aseptically transfer the entire contents to a 5-6 mL tube of #3 broth. Additional test tubes can be inoculated by transferring 0.5 mL of the primary broth tube to these secondary tubes.Use several drops of the primary broth tube to inoculate a #3 plate and/or #3 agar slant.Incubate at 37°C for 24 hours.,Freeze-dried,2°C to 8°C,BSL 2,https://www.atcc.org/api/product/sds?atcc_number=27848,https://www.atcc.org/products/27848,"This product is intended for laboratory research use only. It is not intended for any animal or human therapeutic use, any human or animal consumption, or any diagnostic use.",Permit required for delivery (check ATCC catalog terms),Yes,"GenBankAX109643Sequence 376 from Patent WO0123604.GenBankAX110997Sequence 1730 from Patent WO0123604.GenBankAF053584Staphylococcus simulansATCC 27848heat shock protein 60 gene, partial cds.GenBankAF298805Staphylococcus simulans translation elongation factor Tu (tuf) gene, partial cds.GenBankD83373Staphylococcus simulans (strain MAFF 910161, ATCC 27848T) gene for 16S rRNA, partial sequence.",Unknown,Whole-genome Sequencing,Unknown,Unknown,Unknown,Unknown,"GenBankAX109643Sequence 376 from Patent WO0123604.GenBankAX110997Sequence 1730 from Patent WO0123604.GenBankAF053584Staphylococcus simulansATCC 27848heat shock protein 60 gene, partial cds.GenBankAF298805Staphylococcus simulans translation elongation factor Tu (tuf) gene, partial cds.GenBankD83373Staphylococcus simulans (strain MAFF 910161, ATCC 27848T) gene for 16S rRNA, partial sequence.",Unknown,Unknown,Unknown,Unknown,Unknown,Unknown,Unknown
ATCC 33753,33753,Staphylococcus auricularisKloos and Schleifer,WK811M,Unknown,Yes,External auditory meatus,Unknown,Unknown,Unknown,ATCC Medium 3: Nutrient agar or nutrient broth,37°C,Aerobic,"Open vial.Using a single tube of #3 broth (5 to 6 mL), withdraw approximately 0.5 to 1.0 mL with a Pasteur or 1.0 mL pipette.  Rehydrate the entire pellet.Aseptically transfer this aliquot back into the broth tube.  Mix well.Use several drops of the suspension to inoculate a #3 agar slant and/or plate.Incubate the tubes and plate at 37°C for 24 to 48 hours.",Freeze-dried,2°C to 8°C,BSL 1,https://www.atcc.org/api/product/sds?atcc_number=33753,https://www.atcc.org/products/33753,"This product is intended for laboratory research use only. It is not intended for any animal or human therapeutic use, any human or animal consumption, or any diagnostic use.",Permit required for delivery (check ATCC catalog terms),Yes,"GenBankAX109634Sequence 367 from Patent WO0123604.GenBankL37598Staphylococcus auricularis 16S ribosomal RNA (16S rRNA) gene.GenBankU02911Staphylococcus auricularisATCC 3375316S rRNA gene, partial sequence.GenBankAF298797Staphylococcus auricularis translation elongation factor Tu (tuf) gene, partial cds.",Unknown,Whole-genome Sequencing,Unknown,Unknown,Unknown,Unknown,"GenBankAX109634Sequence 367 from Patent WO0123604.GenBankL37598Staphylococcus auricularis 16S ribosomal RNA (16S rRNA) gene.GenBankU02911Staphylococcus auricularisATCC 3375316S rRNA gene, partial sequence.GenBankAF298797Staphylococcus auricularis translation elongation factor Tu (tuf) gene, partial cds.",Unknown,Unknown,Unknown,Unknown,Unknown,Unknown,Unknown
ATCC 33753,33753,Staphylococcus auricularisKloos and Schleifer,WK811M,Unknown,Yes,External auditory meatus,Unknown,Unknown,Unknown,ATCC Medium 3: Nutrient agar or nutrient broth,37°C,Aerobic,"Open vial.Using a single tube of #3 broth (5 to 6 mL), withdraw approximately 0.5 to 1.0 mL with a Pasteur or 1.0 mL pipette.  Rehydrate the entire pellet.Aseptically transfer this aliquot back into the broth tube.  Mix well.Use several drops of the suspension to inoculate a #3 agar slant and/or plate.Incubate the tubes and plate at 37°C for 24 to 48 hours.",Freeze-dried,2°C to 8°C,BSL 1,https://www.atcc.org/api/product/sds?atcc_number=33753,https://www.atcc.org/products/33753,"This product is intended for laboratory research use only. It is not intended for any animal or human therapeutic use, any human or animal consumption, or any diagnostic use.",Permit required for delivery (check ATCC catalog terms),Yes,"GenBankAX109634Sequence 367 from Patent WO0123604.GenBankL37598Staphylococcus auricularis 16S ribosomal RNA (16S rRNA) gene.GenBankU02911Staphylococcus auricularisATCC 3375316S rRNA gene, partial sequence.GenBankAF298797Staphylococcus auricularis translation elongation factor Tu (tuf) gene, partial cds.",Unknown,Whole-genome Sequencing,Unknown,Unknown,Unknown,Unknown,"GenBankAX109634Sequence 367 from Patent WO0123604.GenBankL37598Staphylococcus auricularis 16S ribosomal RNA (16S rRNA) gene.GenBankU02911Staphylococcus auricularisATCC 3375316S rRNA gene, partial sequence.GenBankAF298797Staphylococcus auricularis translation elongation factor Tu (tuf) gene, partial cds.",Unknown,Unknown,Unknown,Unknown,Unknown,Unknown,Unknown
ATCC 49545,49545,Staphylococcus schleiferisubsp.coagulansIgimi et al.,GA 211 [JCM 7470],Unknown,Yes,External ear otitis of canine,Animal,Unknown,Unknown,ATCC Medium 18: Trypticase Soy Agar/Broth,37°C,Aerobic,1. Open vial according to enclosed instructions or visit www.atcc.org for instructions.2. Rehydrate the entire pellet with approximately 0.5 mL of #18 broth. Aseptically transfer the entire contents to a 5-6 mL tube of #18 broth. Additional test tubes can be inoculated by transferring 0.5 mL of the primary broth tube to these secondary tubes.3. Use several drops of the primary broth tube to inoculate a #18 plate and/or #18 agar slant.4. Incubate at 37° C for 24 hours.,Freeze-dried,2°C to 8°C,BSL 2,https://www.atcc.org/api/product/sds?atcc_number=49545,https://www.atcc.org/products/49545,"This product is intended for laboratory research use only. It is not intended for any animal or human therapeutic use, any human or animal consumption, or any diagnostic use.",Permit required for delivery (check ATCC catalog terms),Yes,"GenBankAF053585Staphylococcus schleiferi subsp. coagulansATCC 49545heat shock protein 60 gene, partial cds.",Unknown,Whole-genome Sequencing,Unknown,Unknown,Unknown,Unknown,"GenBankAF053585Staphylococcus schleiferi subsp. coagulansATCC 49545heat shock protein 60 gene, partial cds.",Unknown,Unknown,Unknown,Unknown,Unknown,Unknown,Unknown
ATCC 49545,49545,Staphylococcus schleiferisubsp.coagulansIgimi et al.,GA 211 [JCM 7470],Unknown,Yes,External ear otitis of canine,Animal,Unknown,Unknown,ATCC Medium 18: Trypticase Soy Agar/Broth,37°C,Aerobic,1. Open vial according to enclosed instructions or visit www.atcc.org for instructions.2. Rehydrate the entire pellet with approximately 0.5 mL of #18 broth. Aseptically transfer the entire contents to a 5-6 mL tube of #18 broth. Additional test tubes can be inoculated by transferring 0.5 mL of the primary broth tube to these secondary tubes.3. Use several drops of the primary broth tube to inoculate a #18 plate and/or #18 agar slant.4. Incubate at 37° C for 24 hours.,Freeze-dried,2°C to 8°C,BSL 2,https://www.atcc.org/api/product/sds?atcc_number=49545,https://www.atcc.org/products/49545,"This product is intended for laboratory research use only. It is not intended for any animal or human therapeutic use, any human or animal consumption, or any diagnostic use.",Permit required for delivery (check ATCC catalog terms),Yes,"GenBankAF053585Staphylococcus schleiferi subsp. coagulansATCC 49545heat shock protein 60 gene, partial cds.",Unknown,Whole-genome Sequencing,Unknown,Unknown,Unknown,Unknown,"GenBankAF053585Staphylococcus schleiferi subsp. coagulansATCC 49545heat shock protein 60 gene, partial cds.",Unknown,Unknown,Unknown,Unknown,Unknown,Unknown,Unknown
ATCC 12228,12228,Staphylococcus epidermidis(Winslow and Winslow) Evans,FDA strain PCI 1200,Preceptrol culture,No,Unknown,Unknown,Unknown,Unknown,ATCC Medium 3: Nutrient agar or nutrient broth,37°C,Aerobic,"Open vial according to enclosed instructions.Using a single tube of #3 broth (5 to 6 mL), withdraw approximately 0.5 to 1.0 mL with a Pasteur or 1.0 mL pipette. Rehydrate the entire pellet.Aseptically transfer this aliquot back into the broth tube. Mix well.Use several drops of the suspension to inoculate a #3 agar slant and/or plate.Incubate the tubes and plate at 37°C for 24 hours.",Freeze-dried,2°C to 8°C,BSL 1,https://www.atcc.org/api/product/sds?atcc_number=12228,https://www.atcc.org/products/12228,"This product is intended for laboratory research use only. It is not intended for any animal or human therapeutic use, any human or animal consumption, or any diagnostic use.",Permit required for delivery (check ATCC catalog terms),Yes,"GenBankU39771Staphylococcus epidermidis 16S-23S ribosomal RNA spacer region.GenBankU90018Staphylococcus epidermidis 16S-23S ribosomal RNA spacer region.GenBankU90019Staphylococcus epidermidis 16S-23S ribosomal RNA spacer region.GenBankU90020Staphylococcus epidermidis 16S-23S ribosomal RNA spacer region.GenBankU90021Staphylococcus epidermidis 16S-23S ribosomal RNA spacer region.GenBankAE015929Staphylococcus epidermidisATCC 12228, complete genome.",Unknown,Whole-genome Sequencing,Unknown,BioinformaticsFood testingMedia testingQuality controlPharmaceutical testing,"Food testingRabbit pyrogen testingBacterial endotoxin testingAntibiotic assayPotency testingPharmaceutical and Personal CareAssay of gentamicinRefEuropean Pharmacopoeia Commission Microbiological assay of antibiotics. Strasbourg, France:European Pharmacopoeia Commission;European Pharmacopoeia EP 2.7.2, 1997RefU.S. Pharmacopeia General Chapters; <81> Antibiotics-Microbial Assays. Rockville, MD: U.S. Pharmacopeia; USP USP34-NF29, 2011Assay of neomycinRefU.S. Pharmacopeia General Chapters; <81> Antibiotics-Microbial Assays. Rockville, MD: U.S. Pharmacopeia; USP USP34-NF29, 2011RefAOAC International Antibiotics in feeds, microbiological methods. Gaithersburg, MD:AOAC International;AOAC ""Official Methods of Analysis of the AOAC International"" 957.23.RefNeomycin in Feeds -- Stahl Microbiological Agar Diffusion Assay. Gaithersburg, MD:AOAC International;AOAC ""Official Methods of Analysis of the AOAC International"" 998.02.Assay of netilmycinRefU.S. Pharmacopeia General Chapters; <81> Antibiotics-Microbial Assays. Rockville, MD: U.S. Pharmacopeia; USP USP34-NF29, 2011Assay of novobiocinRefU.S. Pharmacopeia General Chapters; <81> Antibiotics-Microbial Assays. Rockville, MD: U.S. Pharmacopeia; USP USP34-NF29, 2011RefAOAC International Antibiotics in feeds, microbiological methods. Gaithersburg, MD:AOAC International;AOAC ""Official Methods of Analysis of the AOAC International"" 957.23.Assay of oleandomycinAssay of paromomycin aminosidine, catenulinRefU.S. Pharmacopeia General Chapters; <81> Antibiotics-Microbial Assays. Rockville, MD: U.S. Pharmacopeia; USP USP34-NF29, 2011Assay of sisomicinRefU.S. Pharmacopeia General Chapters; <81> Antibiotics-Microbial Assays. Rockville, MD: U.S. Pharmacopeia; USP USP34-NF29, 2011Inhibition testingRefStandard Test Method for Evaluation of Antimicrobial Formulations by the Agar Patch Technique. West Conshohocken, PA:ASTM International;ASTM Standard Test Method E 1882-05.Media testingRefQuality Control for Commercially Prepared Microbiological Culture Media; Approved Standard - 3rd Edition. Wayne, PA. Clinical and Laboratory Standards Institute; CLSI M22-A3.RefMicrobiology of food and animal feeding stuffs--Guidelines on preparation and production of culture media-- Part 2: Practical guidelines on performance testing of culture media.. Geneva (Switzerland):International Organization for Standardization/ANSI;ISO ISO 11133-2:2003.RefMicrobiology of food and animal feeding stuffs --- Guidelines on preparation and production of culture media --- Part 2: Practical guidelines on performance testing of culture media - Annex B: Recommended test microorganisms for commonly used culture media. London, UK:British Standards Institution;British Standard DD CEN ISO/TS 11133:2003.Quality control strainrefRefBD Crystal Gram-Positive QC Set. BD Becton Dickinson.refSterility testingSusceptibility disc testing neomycinSusceptibility disc testing vancomycinRefZhang YQ, et al. Genome-based analysis of virulence genes in a non-biofilm-formingStaphylococcus epidermidisstrain (ATCC 12228). Mol. Microbiol. 49: 1577-1593, 2003.PubMed: 12950922Recommended as a test microorganism for EP 2.7.2 Microbiological Assays of AntibioticsRecommended as a test microorganism for JP 16 MonographsRecommended as a test microorganism for USP <81> Antibiotics-Microbial Assays",Unknown,"GenBankU39771Staphylococcus epidermidis 16S-23S ribosomal RNA spacer region.GenBankU90018Staphylococcus epidermidis 16S-23S ribosomal RNA spacer region.GenBankU90019Staphylococcus epidermidis 16S-23S ribosomal RNA spacer region.GenBankU90020Staphylococcus epidermidis 16S-23S ribosomal RNA spacer region.GenBankU90021Staphylococcus epidermidis 16S-23S ribosomal RNA spacer region.GenBankAE015929Staphylococcus epidermidisATCC 12228, complete genome.",Unknown,Unknown,Unknown,Unknown,Unknown,Unknown,Unknown
ATCC 12228,12228,Staphylococcus epidermidis(Winslow and Winslow) Evans,FDA strain PCI 1200,Preceptrol culture,No,Unknown,Unknown,Unknown,Unknown,ATCC Medium 3: Nutrient agar or nutrient broth,37°C,Aerobic,"Open vial according to enclosed instructions.Using a single tube of #3 broth (5 to 6 mL), withdraw approximately 0.5 to 1.0 mL with a Pasteur or 1.0 mL pipette. Rehydrate the entire pellet.Aseptically transfer this aliquot back into the broth tube. Mix well.Use several drops of the suspension to inoculate a #3 agar slant and/or plate.Incubate the tubes and plate at 37°C for 24 hours.",Freeze-dried,2°C to 8°C,BSL 1,https://www.atcc.org/api/product/sds?atcc_number=12228,https://www.atcc.org/products/12228,"This product is intended for laboratory research use only. It is not intended for any animal or human therapeutic use, any human or animal consumption, or any diagnostic use.",Permit required for delivery (check ATCC catalog terms),Yes,"GenBankU39771Staphylococcus epidermidis 16S-23S ribosomal RNA spacer region.GenBankU90018Staphylococcus epidermidis 16S-23S ribosomal RNA spacer region.GenBankU90019Staphylococcus epidermidis 16S-23S ribosomal RNA spacer region.GenBankU90020Staphylococcus epidermidis 16S-23S ribosomal RNA spacer region.GenBankU90021Staphylococcus epidermidis 16S-23S ribosomal RNA spacer region.GenBankAE015929Staphylococcus epidermidisATCC 12228, complete genome.",Unknown,Whole-genome Sequencing,Unknown,BioinformaticsFood testingMedia testingQuality controlPharmaceutical testing,"Food testingRabbit pyrogen testingBacterial endotoxin testingAntibiotic assayPotency testingPharmaceutical and Personal CareAssay of gentamicinRefEuropean Pharmacopoeia Commission Microbiological assay of antibiotics. Strasbourg, France:European Pharmacopoeia Commission;European Pharmacopoeia EP 2.7.2, 1997RefU.S. Pharmacopeia General Chapters; <81> Antibiotics-Microbial Assays. Rockville, MD: U.S. Pharmacopeia; USP USP34-NF29, 2011Assay of neomycinRefU.S. Pharmacopeia General Chapters; <81> Antibiotics-Microbial Assays. Rockville, MD: U.S. Pharmacopeia; USP USP34-NF29, 2011RefAOAC International Antibiotics in feeds, microbiological methods. Gaithersburg, MD:AOAC International;AOAC ""Official Methods of Analysis of the AOAC International"" 957.23.RefNeomycin in Feeds -- Stahl Microbiological Agar Diffusion Assay. Gaithersburg, MD:AOAC International;AOAC ""Official Methods of Analysis of the AOAC International"" 998.02.Assay of netilmycinRefU.S. Pharmacopeia General Chapters; <81> Antibiotics-Microbial Assays. Rockville, MD: U.S. Pharmacopeia; USP USP34-NF29, 2011Assay of novobiocinRefU.S. Pharmacopeia General Chapters; <81> Antibiotics-Microbial Assays. Rockville, MD: U.S. Pharmacopeia; USP USP34-NF29, 2011RefAOAC International Antibiotics in feeds, microbiological methods. Gaithersburg, MD:AOAC International;AOAC ""Official Methods of Analysis of the AOAC International"" 957.23.Assay of oleandomycinAssay of paromomycin aminosidine, catenulinRefU.S. Pharmacopeia General Chapters; <81> Antibiotics-Microbial Assays. Rockville, MD: U.S. Pharmacopeia; USP USP34-NF29, 2011Assay of sisomicinRefU.S. Pharmacopeia General Chapters; <81> Antibiotics-Microbial Assays. Rockville, MD: U.S. Pharmacopeia; USP USP34-NF29, 2011Inhibition testingRefStandard Test Method for Evaluation of Antimicrobial Formulations by the Agar Patch Technique. West Conshohocken, PA:ASTM International;ASTM Standard Test Method E 1882-05.Media testingRefQuality Control for Commercially Prepared Microbiological Culture Media; Approved Standard - 3rd Edition. Wayne, PA. Clinical and Laboratory Standards Institute; CLSI M22-A3.RefMicrobiology of food and animal feeding stuffs--Guidelines on preparation and production of culture media-- Part 2: Practical guidelines on performance testing of culture media.. Geneva (Switzerland):International Organization for Standardization/ANSI;ISO ISO 11133-2:2003.RefMicrobiology of food and animal feeding stuffs --- Guidelines on preparation and production of culture media --- Part 2: Practical guidelines on performance testing of culture media - Annex B: Recommended test microorganisms for commonly used culture media. London, UK:British Standards Institution;British Standard DD CEN ISO/TS 11133:2003.Quality control strainrefRefBD Crystal Gram-Positive QC Set. BD Becton Dickinson.refSterility testingSusceptibility disc testing neomycinSusceptibility disc testing vancomycinRefZhang YQ, et al. Genome-based analysis of virulence genes in a non-biofilm-formingStaphylococcus epidermidisstrain (ATCC 12228). Mol. Microbiol. 49: 1577-1593, 2003.PubMed: 12950922Recommended as a test microorganism for EP 2.7.2 Microbiological Assays of AntibioticsRecommended as a test microorganism for JP 16 MonographsRecommended as a test microorganism for USP <81> Antibiotics-Microbial Assays",Unknown,"GenBankU39771Staphylococcus epidermidis 16S-23S ribosomal RNA spacer region.GenBankU90018Staphylococcus epidermidis 16S-23S ribosomal RNA spacer region.GenBankU90019Staphylococcus epidermidis 16S-23S ribosomal RNA spacer region.GenBankU90020Staphylococcus epidermidis 16S-23S ribosomal RNA spacer region.GenBankU90021Staphylococcus epidermidis 16S-23S ribosomal RNA spacer region.GenBankAE015929Staphylococcus epidermidisATCC 12228, complete genome.",Unknown,Unknown,Unknown,Unknown,Unknown,Unknown,Unknown
ATCC 27853,27853,Pseudomonas aeruginosa(Schroeter) Migula,Boston 41501,Preceptrol culture,No,Blood culture,Unknown,Unknown,Unknown,ATCC Medium 18: Trypticase Soy Agar/Broth,37°C,Aerobic,Open thawed vial.Aseptically transfer the entire contents to a 5-6 mL tube of #18 broth. Additional test tubes can be inoculated by transferring 0.5 mL of the primary broth tube to these secondary tubes.Use several drops of the primary broth tube to inoculate a #18 plate and/or #18 agar slant.Incubate at 37°C for 18-24 hours.,Frozen,-80°C or colder,BSL 2,https://www.atcc.org/api/product/sds?atcc_number=27853,https://www.atcc.org/products/27853,"This product is intended for laboratory research use only. It is not intended for any animal or human therapeutic use, any human or animal consumption, or any diagnostic use.",Permit required for delivery (check ATCC catalog terms),Yes,"GenBankX65933P. aeruginosa pa-1L gene for PA-I galactophilic lectin.GenBankU07832Pseudomonas aeruginosa helicase I (helA) gene, partial cds.GenBankU64101Pseudomonas aeruginosa heat shock protein (groesEL) gene, partial cds.GenBankAB037545Pseudomonas aeruginosa gene for 16S ribosomal RNA, strain:ATCC 27853.GenBankM63957Pseudomonas aeruginosa heat shock protein (groES and groEL) genes, complete cds.GenBankU67855Pseudomonas aeruginosa UDP-3-O-acyl-GlcNAc deacetylase (lpxC) gene, complete cds.GenBankAF094719Pseudomonas aeruginosa strainATCC 2785316S ribosomal RNA gene, partial sequence.",Unknown,Whole-genome Sequencing,"Two colony types may be observed. Bacteriophage may be present in the culture.To prevent the proliferation of the second colony type, avoid passing this strain through broth for transfers.  It is recommended to wash a slant with phosphate buffer and use that to inoculate further agar plates and/or agar flasks if needed.To perform antibiotic susceptibility testing, open a vial to be tested intoATCC Medium #5548broth and plates. Incubate for 18-24 hours at 37°C.  Perform a subculture using ATCC Medium #5548 agar growth onto ATCC Medium #18 agar and incubate at 37°C for 18-24 hours. After the growth period on ATCC Medium #18 has concluded, antibiotic testing can be done.Note: If an antibiotic susceptibility testing needs to be repeated, a subculture cannot be done due to possible rapid mutations of ATCC 27853. A new vial will need to be opened and the process repeated.Purified genomic DNA (ATCC 27853D-5) and a Certified Reference Material (ATCC CRM-27853)of this strain are available.Additional information on this culture is available on the ATCC®web site at www.atcc.org.",BioinformaticsFood testingMedia testingQuality controlWater testing,"Control strainFood testingOpportunistic pathogen researchEvaluation of Mueller-Hinton agarRefProtocols for Evaluating Dehydrated Mueller-Hinton Agar; Approved Standard. Wayne, PA. Clinical and Laboratory Standards Institute; CLSI M6-A2.RefUS General Services Administration Mueller Hinton Medium, dehydrated. Washington, DC:US General Services Administration;Commercial Item Description A-A-50904A, 1986Media testingRefQuality Control for Commercially Prepared Microbiological Culture Media; Approved Standard - 3rd Edition. Wayne, PA. Clinical and Laboratory Standards Institute; CLSI M22-A3.RefMicrobiology of food and animal feeding stuffs--Guidelines on preparation and production of culture media-- Part 2: Practical guidelines on performance testing of culture media.. Geneva (Switzerland):International Organization for Standardization/ANSI;ISO ISO 11133-2:2003.RefMedical microbiology-- Culture media -- Part 3: Dip slides for microbiological urine analysis. Berlin, Germany:Deutsches Institut fur Normung;DIN DIN 58942-3: 2003, 2003RefMicrobiology of food and animal feeding stuffs --- Guidelines on preparation and production of culture media --- Part 2: Practical guidelines on performance testing of culture media - Annex B: Recommended test microorganisms for commonly used culture media. London, UK:British Standards Institution;British Standard DD CEN ISO/TS 11133:2003.Quality control strainRefAPI 20 NE QC Set. bioMerieux.RefBD Phoenix Gram Negative AST NMIC/ID QC Set. BD Becton Dickinson.RefMicroScan Dried Gram Negative Panel QC Set. Beckman Coulter.RefSensititre™ Automated Gram  Positive ID QC Set. Thermo Fisher Scientific.RefSensititre™ MIC Susceptibility QC Set. Thermo Fisher Scientific.Susceptibility disc testingRefPerformance Standards for Antimicrobial Disk Susceptibility Tests; Approved Standard - 9th Edition. Wayne, PA. Clinical and Laboratory Standards Institute; CLSI M2-A9.RefMethods for Antimicrobial Disk Susceptibility Testing of Bacteria Isolated from Aquatic Animals. Wayne, PA. Clinical and Laboratory Standards Institute; CLSI M42-A.RefMethods for Broth Dilution Susceptibility Testing of Bacteria Isolated from Aquatic Animals. Wayne, PA. Clinical and Laboratory Standards Institute; CLSI M49-A.Susceptibility testingRefMethods for Dilution Antimicrobial Susceptibility Tests for Bacteria that Grow Aerobically; Approved Standard - 7th Edition. Wayne, PA. Clinical and Laboratory Standards Institute; CLSI M7-A8.RefPerformance Standards for Antimicrobial Disk and Dilution Susceptibility Tests for Bacteria Isolated from Animals; Approved Standard - 2nd Edition. Wayne, PA. Clinical and Laboratory Standards Institute; CLSI M31-A3.RefPerformance Standards for Antimicrobial Susceptibility Testing; Sixteenth Informational Supplement. Wayne, PA. Clinical and Laboratory Standards Institute; CLSI M100-S20, 2007RefEvaluation of Lots of Dehydrated Mueller-Hinton Broth for Antimicrobial Susceptibility testing;  Proposed Guideline. Wayne, PA. Clinical and Laboratory Standards Institute; CLSI M32-P.RefMedical microbiology; methods for the determination of susceptibility of pathogens (except mycobacteria) to antimicrobial agents: agar diffusion test. Berlin, Germany: Deutsches Institut fur Normung; DIN 58940-3: 1989RefMedical microbiology -- Methods for the determination of susceptibility of pathogens (except mycobacteria) to antimicrobial agents-- Part 7: Determination of the minimum bactericidal concentration (MBC) with the aid of microdilution. Berlin, Germany:Deutsches Institut fur Normung;DIN DIN 58940-7: 1994, 1994RefMedical microbiology: methods for the determination of susceptibility of pathogens (except mycobacteria) to antimicrobial agents; determination of MICs by agar dilution method. Berlin, Germany:Deutsches Institut fur Normung;DIN DIN 58940-6: 1989, 1989RefMedical microbiology -- Susceptibility testing of microbial pathogens to antimicrobial agents -- Part 81: Microdilution; Special requirements for testing of non-fastidious bacteria. Berlin, Germany: Deutsches Institut fur Normung; DIN 58940-81: 2002RefClinical laboratory testing and in vitro diagnostic test systems --- Susceptibility testing of infectious agents and evaluation of performance of antimicrobial susceptibility test devices --- Part 1: Reference method for testing the in vitro activity of antimicrobial agents against rapidly growing aerobic bacteria involved in infectious diseases. London, UK:British Standards Institution;British Standard BS EN ISO 20776-1:2006.TestingRefAeromonas in Finished Water by Membrane Filtration using Ampicillin-Dextrin Agar with Vancomycin (ADA-V). Washington, DC:Environmental Protection Agency;EPA EPA Method 1605, 2001Quality control strain for Abbott, API, Autobac, BBL, bioMerieux Vitek, Micro-Media, MicroScan®, Roche Diagnostics, Sensititre products, and the Etest Metallo Beta-Lactamase (MBL) strip.",Unknown,"GenBankX65933P. aeruginosa pa-1L gene for PA-I galactophilic lectin.GenBankU07832Pseudomonas aeruginosa helicase I (helA) gene, partial cds.GenBankU64101Pseudomonas aeruginosa heat shock protein (groesEL) gene, partial cds.GenBankAB037545Pseudomonas aeruginosa gene for 16S ribosomal RNA, strain:ATCC 27853.GenBankM63957Pseudomonas aeruginosa heat shock protein (groES and groEL) genes, complete cds.GenBankU67855Pseudomonas aeruginosa UDP-3-O-acyl-GlcNAc deacetylase (lpxC) gene, complete cds.GenBankAF094719Pseudomonas aeruginosa strainATCC 2785316S ribosomal RNA gene, partial sequence.",Unknown,Unknown,Unknown,Unknown,Unknown,Unknown,Unknown
ATCC 27853,27853,Pseudomonas aeruginosa(Schroeter) Migula,Boston 41501,Preceptrol culture,No,Blood culture,Unknown,Unknown,Unknown,ATCC Medium 18: Trypticase Soy Agar/Broth,37°C,Aerobic,Open thawed vial.Aseptically transfer the entire contents to a 5-6 mL tube of #18 broth. Additional test tubes can be inoculated by transferring 0.5 mL of the primary broth tube to these secondary tubes.Use several drops of the primary broth tube to inoculate a #18 plate and/or #18 agar slant.Incubate at 37°C for 18-24 hours.,Frozen,-80°C or colder,BSL 2,https://www.atcc.org/api/product/sds?atcc_number=27853,https://www.atcc.org/products/27853,"This product is intended for laboratory research use only. It is not intended for any animal or human therapeutic use, any human or animal consumption, or any diagnostic use.",Permit required for delivery (check ATCC catalog terms),Yes,"GenBankX65933P. aeruginosa pa-1L gene for PA-I galactophilic lectin.GenBankU07832Pseudomonas aeruginosa helicase I (helA) gene, partial cds.GenBankU64101Pseudomonas aeruginosa heat shock protein (groesEL) gene, partial cds.GenBankAB037545Pseudomonas aeruginosa gene for 16S ribosomal RNA, strain:ATCC 27853.GenBankM63957Pseudomonas aeruginosa heat shock protein (groES and groEL) genes, complete cds.GenBankU67855Pseudomonas aeruginosa UDP-3-O-acyl-GlcNAc deacetylase (lpxC) gene, complete cds.GenBankAF094719Pseudomonas aeruginosa strainATCC 2785316S ribosomal RNA gene, partial sequence.",Unknown,Whole-genome Sequencing,"Two colony types may be observed. Bacteriophage may be present in the culture.To prevent the proliferation of the second colony type, avoid passing this strain through broth for transfers.  It is recommended to wash a slant with phosphate buffer and use that to inoculate further agar plates and/or agar flasks if needed.To perform antibiotic susceptibility testing, open a vial to be tested intoATCC Medium #5548broth and plates. Incubate for 18-24 hours at 37°C.  Perform a subculture using ATCC Medium #5548 agar growth onto ATCC Medium #18 agar and incubate at 37°C for 18-24 hours. After the growth period on ATCC Medium #18 has concluded, antibiotic testing can be done.Note: If an antibiotic susceptibility testing needs to be repeated, a subculture cannot be done due to possible rapid mutations of ATCC 27853. A new vial will need to be opened and the process repeated.Purified genomic DNA (ATCC 27853D-5) and a Certified Reference Material (ATCC CRM-27853)of this strain are available.Additional information on this culture is available on the ATCC®web site at www.atcc.org.",BioinformaticsFood testingMedia testingQuality controlWater testing,"Control strainFood testingOpportunistic pathogen researchEvaluation of Mueller-Hinton agarRefProtocols for Evaluating Dehydrated Mueller-Hinton Agar; Approved Standard. Wayne, PA. Clinical and Laboratory Standards Institute; CLSI M6-A2.RefUS General Services Administration Mueller Hinton Medium, dehydrated. Washington, DC:US General Services Administration;Commercial Item Description A-A-50904A, 1986Media testingRefQuality Control for Commercially Prepared Microbiological Culture Media; Approved Standard - 3rd Edition. Wayne, PA. Clinical and Laboratory Standards Institute; CLSI M22-A3.RefMicrobiology of food and animal feeding stuffs--Guidelines on preparation and production of culture media-- Part 2: Practical guidelines on performance testing of culture media.. Geneva (Switzerland):International Organization for Standardization/ANSI;ISO ISO 11133-2:2003.RefMedical microbiology-- Culture media -- Part 3: Dip slides for microbiological urine analysis. Berlin, Germany:Deutsches Institut fur Normung;DIN DIN 58942-3: 2003, 2003RefMicrobiology of food and animal feeding stuffs --- Guidelines on preparation and production of culture media --- Part 2: Practical guidelines on performance testing of culture media - Annex B: Recommended test microorganisms for commonly used culture media. London, UK:British Standards Institution;British Standard DD CEN ISO/TS 11133:2003.Quality control strainRefAPI 20 NE QC Set. bioMerieux.RefBD Phoenix Gram Negative AST NMIC/ID QC Set. BD Becton Dickinson.RefMicroScan Dried Gram Negative Panel QC Set. Beckman Coulter.RefSensititre™ Automated Gram  Positive ID QC Set. Thermo Fisher Scientific.RefSensititre™ MIC Susceptibility QC Set. Thermo Fisher Scientific.Susceptibility disc testingRefPerformance Standards for Antimicrobial Disk Susceptibility Tests; Approved Standard - 9th Edition. Wayne, PA. Clinical and Laboratory Standards Institute; CLSI M2-A9.RefMethods for Antimicrobial Disk Susceptibility Testing of Bacteria Isolated from Aquatic Animals. Wayne, PA. Clinical and Laboratory Standards Institute; CLSI M42-A.RefMethods for Broth Dilution Susceptibility Testing of Bacteria Isolated from Aquatic Animals. Wayne, PA. Clinical and Laboratory Standards Institute; CLSI M49-A.Susceptibility testingRefMethods for Dilution Antimicrobial Susceptibility Tests for Bacteria that Grow Aerobically; Approved Standard - 7th Edition. Wayne, PA. Clinical and Laboratory Standards Institute; CLSI M7-A8.RefPerformance Standards for Antimicrobial Disk and Dilution Susceptibility Tests for Bacteria Isolated from Animals; Approved Standard - 2nd Edition. Wayne, PA. Clinical and Laboratory Standards Institute; CLSI M31-A3.RefPerformance Standards for Antimicrobial Susceptibility Testing; Sixteenth Informational Supplement. Wayne, PA. Clinical and Laboratory Standards Institute; CLSI M100-S20, 2007RefEvaluation of Lots of Dehydrated Mueller-Hinton Broth for Antimicrobial Susceptibility testing;  Proposed Guideline. Wayne, PA. Clinical and Laboratory Standards Institute; CLSI M32-P.RefMedical microbiology; methods for the determination of susceptibility of pathogens (except mycobacteria) to antimicrobial agents: agar diffusion test. Berlin, Germany: Deutsches Institut fur Normung; DIN 58940-3: 1989RefMedical microbiology -- Methods for the determination of susceptibility of pathogens (except mycobacteria) to antimicrobial agents-- Part 7: Determination of the minimum bactericidal concentration (MBC) with the aid of microdilution. Berlin, Germany:Deutsches Institut fur Normung;DIN DIN 58940-7: 1994, 1994RefMedical microbiology: methods for the determination of susceptibility of pathogens (except mycobacteria) to antimicrobial agents; determination of MICs by agar dilution method. Berlin, Germany:Deutsches Institut fur Normung;DIN DIN 58940-6: 1989, 1989RefMedical microbiology -- Susceptibility testing of microbial pathogens to antimicrobial agents -- Part 81: Microdilution; Special requirements for testing of non-fastidious bacteria. Berlin, Germany: Deutsches Institut fur Normung; DIN 58940-81: 2002RefClinical laboratory testing and in vitro diagnostic test systems --- Susceptibility testing of infectious agents and evaluation of performance of antimicrobial susceptibility test devices --- Part 1: Reference method for testing the in vitro activity of antimicrobial agents against rapidly growing aerobic bacteria involved in infectious diseases. London, UK:British Standards Institution;British Standard BS EN ISO 20776-1:2006.TestingRefAeromonas in Finished Water by Membrane Filtration using Ampicillin-Dextrin Agar with Vancomycin (ADA-V). Washington, DC:Environmental Protection Agency;EPA EPA Method 1605, 2001Quality control strain for Abbott, API, Autobac, BBL, bioMerieux Vitek, Micro-Media, MicroScan®, Roche Diagnostics, Sensititre products, and the Etest Metallo Beta-Lactamase (MBL) strip.",Unknown,"GenBankX65933P. aeruginosa pa-1L gene for PA-I galactophilic lectin.GenBankU07832Pseudomonas aeruginosa helicase I (helA) gene, partial cds.GenBankU64101Pseudomonas aeruginosa heat shock protein (groesEL) gene, partial cds.GenBankAB037545Pseudomonas aeruginosa gene for 16S ribosomal RNA, strain:ATCC 27853.GenBankM63957Pseudomonas aeruginosa heat shock protein (groES and groEL) genes, complete cds.GenBankU67855Pseudomonas aeruginosa UDP-3-O-acyl-GlcNAc deacetylase (lpxC) gene, complete cds.GenBankAF094719Pseudomonas aeruginosa strainATCC 2785316S ribosomal RNA gene, partial sequence.",Unknown,Unknown,Unknown,Unknown,Unknown,Unknown,Unknown
ATCC 13419,13419,Streptococcus salivariussubsp.salivariusAndrewes and Horder,C699 [S30D],Preceptrol culture,No,Unknown,Unknown,Unknown,Unknown,ATCC Medium 44: Brain Heart Infusion Agar/BrothATCC Medium 260: Trypticase soy agar/broth with defibrinated sheep blood,37°C,Aerobic,"Open vial.Using a single tube of #44 broth (5 to 6 mL), withdraw approximately 0.5 to 1.0 mL with a Pasteur or 1.0 mL pipette. Rehydrate the entire pellet.Aseptically transfer this aliquot back into the broth tube. Mix well.Use several drops of the suspension to inoculate a #260 agar slant and/or plate.Incubate the tubes and plate at 37°C for 24 hours.",Freeze-dried,2°C to 8°C,BSL 1,https://www.atcc.org/api/product/sds?atcc_number=13419,https://www.atcc.org/products/13419,"This product is intended for laboratory research use only. It is not intended for any animal or human therapeutic use, any human or animal consumption, or any diagnostic use.",Permit required for delivery (check ATCC catalog terms),Yes,"GenBankZ95917Streptococcus salivarius sodA gene.GenBankM58839Streptococcus salivarius 16S ribosomal RNA.GenBankX83760S.salivarius 16S-23S rRNA spacer DNA and tRNA-Ala.GenBankZ99197Streptococcus salivarius partial sodA gene, strain ATCC 13419.",II,Whole-genome Sequencing,Unknown,Unknown,Unknown,Unknown,"GenBankZ95917Streptococcus salivarius sodA gene.GenBankM58839Streptococcus salivarius 16S ribosomal RNA.GenBankX83760S.salivarius 16S-23S rRNA spacer DNA and tRNA-Ala.GenBankZ99197Streptococcus salivarius partial sodA gene, strain ATCC 13419.",Unknown,Unknown,Unknown,Unknown,Unknown,Unknown,Unknown
ATCC 13419,13419,Streptococcus salivariussubsp.salivariusAndrewes and Horder,C699 [S30D],Preceptrol culture,No,Unknown,Unknown,Unknown,Unknown,ATCC Medium 44: Brain Heart Infusion Agar/BrothATCC Medium 260: Trypticase soy agar/broth with defibrinated sheep blood,37°C,Aerobic,"Open vial.Using a single tube of #44 broth (5 to 6 mL), withdraw approximately 0.5 to 1.0 mL with a Pasteur or 1.0 mL pipette. Rehydrate the entire pellet.Aseptically transfer this aliquot back into the broth tube. Mix well.Use several drops of the suspension to inoculate a #260 agar slant and/or plate.Incubate the tubes and plate at 37°C for 24 hours.",Freeze-dried,2°C to 8°C,BSL 1,https://www.atcc.org/api/product/sds?atcc_number=13419,https://www.atcc.org/products/13419,"This product is intended for laboratory research use only. It is not intended for any animal or human therapeutic use, any human or animal consumption, or any diagnostic use.",Permit required for delivery (check ATCC catalog terms),Yes,"GenBankZ95917Streptococcus salivarius sodA gene.GenBankM58839Streptococcus salivarius 16S ribosomal RNA.GenBankX83760S.salivarius 16S-23S rRNA spacer DNA and tRNA-Ala.GenBankZ99197Streptococcus salivarius partial sodA gene, strain ATCC 13419.",II,Whole-genome Sequencing,Unknown,Unknown,Unknown,Unknown,"GenBankZ95917Streptococcus salivarius sodA gene.GenBankM58839Streptococcus salivarius 16S ribosomal RNA.GenBankX83760S.salivarius 16S-23S rRNA spacer DNA and tRNA-Ala.GenBankZ99197Streptococcus salivarius partial sodA gene, strain ATCC 13419.",Unknown,Unknown,Unknown,Unknown,Unknown,Unknown,Unknown
ATCC 29970,29970,Staphylococcus haemolyticusSchleifer and Kloos,SM 131 [DSM 20263],Preceptrol culture,Yes,Skin,Human,Unknown,Unknown,ATCC Medium 3: Nutrient agar or nutrient broth,37°C,Aerobic,"Open vial according to enclosed instructions.Using a single tube of #3 broth (5 to 6 mL), withdraw approximately 0.5 to 1.0 mL with a Pasteur or 1.0 mL pipette. Rehydrate the entire pellet.Aseptically transfer this aliquot back into the broth tube. Mix well.Use several drops of the suspension to inoculate a #3 agar slant and/or plate.Incubate the tubes and plate at 37°C for 24 hours.",Freeze-dried,2°C to 8°C,BSL 2,https://www.atcc.org/api/product/sds?atcc_number=29970,https://www.atcc.org/products/29970,"This product is intended for laboratory research use only. It is not intended for any animal or human therapeutic use, any human or animal consumption, or any diagnostic use.",Permit required for delivery (check ATCC catalog terms),Yes,"GenBankAX111495Sequence 2228 from Patent WO0123604.GenBankAX111516Sequence 2249 from Patent WO0123604.GenBankAX111536Sequence 2269 from Patent WO0123604.GenBankL37600Staphylococcus haemolyticus 16S ribosomal RNA (16S rRNA) gene.GenBankU92809Staphylococcus haemolyticus heat shock protein 60 (hsp60) gene, partial cds.GenBankAF298801Staphylococcus haemolyticus translation elongation factor Tu (tuf) gene, partial cds.GenBankD83367Staphylococcus haemolyticus (strain MAFF 911476, ATCC 29970T) gene for 16S rRNA, partial sequence.",Unknown,Whole-genome Sequencing,Unknown,BioinformaticsQuality control,Quality control strainQuality control strain for API products,Unknown,"GenBankAX111495Sequence 2228 from Patent WO0123604.GenBankAX111516Sequence 2249 from Patent WO0123604.GenBankAX111536Sequence 2269 from Patent WO0123604.GenBankL37600Staphylococcus haemolyticus 16S ribosomal RNA (16S rRNA) gene.GenBankU92809Staphylococcus haemolyticus heat shock protein 60 (hsp60) gene, partial cds.GenBankAF298801Staphylococcus haemolyticus translation elongation factor Tu (tuf) gene, partial cds.GenBankD83367Staphylococcus haemolyticus (strain MAFF 911476, ATCC 29970T) gene for 16S rRNA, partial sequence.",Unknown,Unknown,Unknown,Unknown,Unknown,Unknown,Unknown
ATCC 29970,29970,Staphylococcus haemolyticusSchleifer and Kloos,SM 131 [DSM 20263],Preceptrol culture,Yes,Skin,Human,Unknown,Unknown,ATCC Medium 3: Nutrient agar or nutrient broth,37°C,Aerobic,"Open vial according to enclosed instructions.Using a single tube of #3 broth (5 to 6 mL), withdraw approximately 0.5 to 1.0 mL with a Pasteur or 1.0 mL pipette. Rehydrate the entire pellet.Aseptically transfer this aliquot back into the broth tube. Mix well.Use several drops of the suspension to inoculate a #3 agar slant and/or plate.Incubate the tubes and plate at 37°C for 24 hours.",Freeze-dried,2°C to 8°C,BSL 2,https://www.atcc.org/api/product/sds?atcc_number=29970,https://www.atcc.org/products/29970,"This product is intended for laboratory research use only. It is not intended for any animal or human therapeutic use, any human or animal consumption, or any diagnostic use.",Permit required for delivery (check ATCC catalog terms),Yes,"GenBankAX111495Sequence 2228 from Patent WO0123604.GenBankAX111516Sequence 2249 from Patent WO0123604.GenBankAX111536Sequence 2269 from Patent WO0123604.GenBankL37600Staphylococcus haemolyticus 16S ribosomal RNA (16S rRNA) gene.GenBankU92809Staphylococcus haemolyticus heat shock protein 60 (hsp60) gene, partial cds.GenBankAF298801Staphylococcus haemolyticus translation elongation factor Tu (tuf) gene, partial cds.GenBankD83367Staphylococcus haemolyticus (strain MAFF 911476, ATCC 29970T) gene for 16S rRNA, partial sequence.",Unknown,Whole-genome Sequencing,Unknown,BioinformaticsQuality control,Quality control strainQuality control strain for API products,Unknown,"GenBankAX111495Sequence 2228 from Patent WO0123604.GenBankAX111516Sequence 2249 from Patent WO0123604.GenBankAX111536Sequence 2269 from Patent WO0123604.GenBankL37600Staphylococcus haemolyticus 16S ribosomal RNA (16S rRNA) gene.GenBankU92809Staphylococcus haemolyticus heat shock protein 60 (hsp60) gene, partial cds.GenBankAF298801Staphylococcus haemolyticus translation elongation factor Tu (tuf) gene, partial cds.GenBankD83367Staphylococcus haemolyticus (strain MAFF 911476, ATCC 29970T) gene for 16S rRNA, partial sequence.",Unknown,Unknown,Unknown,Unknown,Unknown,Unknown,Unknown
ATCC 29213,29213,Staphylococcus aureussubsp.aureusRosenbach,Wichita,Preceptrol culture,No,Wound,Unknown,Unknown,Unknown,ATCC Medium 18: Trypticase Soy Agar/Broth,37°C,Aerobic,"Open vial according to enclosed instructions.Using a single tube of #18 broth (5 to 6 mL), withdraw approximately 0.5 to 1.0 mL with a Pasteur or 1.0 mL pipette. Rehydrate the entire pellet.Aseptically transfer this aliquot back into the broth tube. Mix well.Use several drops of the suspension to inoculate a #18 agar slant and/or plate.Incubate the tubes and plate at 37°C for 24 hours.",Freeze-dried,2°C to 8°C,BSL 2,https://www.atcc.org/api/product/sds?atcc_number=29213,https://www.atcc.org/products/29213,"This product is intended for laboratory research use only. It is not intended for any animal or human therapeutic use, any human or animal consumption, or any diagnostic use.",Permit required for delivery (check ATCC catalog terms),Yes,"GenBankU77328Staphylococcus aureus staphylokinase gene, partial cds.",Unknown,Whole-genome Sequencing,Unknown,BioinformaticsDrug developmentEnteric disease researchInfectious disease researchQuality control,"Quality control strainSusceptibility disc testingSusceptibility testingQuality control strain for API, BBL, bioMerieux Vitek, Micro-Media, MicroScan®, and Sensititre productsDrug discoveryEnteric Research",Unknown,"GenBankU77328Staphylococcus aureus staphylokinase gene, partial cds.",Unknown,Unknown,Unknown,Unknown,Unknown,Unknown,Unknown
ATCC 29213,29213,Staphylococcus aureussubsp.aureusRosenbach,Wichita,Preceptrol culture,No,Wound,Unknown,Unknown,Unknown,ATCC Medium 18: Trypticase Soy Agar/Broth,37°C,Aerobic,"Open vial according to enclosed instructions.Using a single tube of #18 broth (5 to 6 mL), withdraw approximately 0.5 to 1.0 mL with a Pasteur or 1.0 mL pipette. Rehydrate the entire pellet.Aseptically transfer this aliquot back into the broth tube. Mix well.Use several drops of the suspension to inoculate a #18 agar slant and/or plate.Incubate the tubes and plate at 37°C for 24 hours.",Freeze-dried,2°C to 8°C,BSL 2,https://www.atcc.org/api/product/sds?atcc_number=29213,https://www.atcc.org/products/29213,"This product is intended for laboratory research use only. It is not intended for any animal or human therapeutic use, any human or animal consumption, or any diagnostic use.",Permit required for delivery (check ATCC catalog terms),Yes,"GenBankU77328Staphylococcus aureus staphylokinase gene, partial cds.",Unknown,Whole-genome Sequencing,Unknown,BioinformaticsDrug developmentEnteric disease researchInfectious disease researchQuality control,"Quality control strainSusceptibility disc testingSusceptibility testingQuality control strain for API, BBL, bioMerieux Vitek, Micro-Media, MicroScan®, and Sensititre productsDrug discoveryEnteric Research",Unknown,"GenBankU77328Staphylococcus aureus staphylokinase gene, partial cds.",Unknown,Unknown,Unknown,Unknown,Unknown,Unknown,Unknown
ATCC 49576,49576,Staphylococcus lugdunensisFreney et al.,LRA 260.05.79,Preceptrol culture,No,Unknown,Unknown,Unknown,Unknown,ATCC Medium 18: Trypticase Soy Agar/Broth,37°C,Aerobic,"Open vial according to enclosed instructions.From a single tube of #18 broth (5 to 6 mL), withdraw approximately 0.5 to 1 mL with a Pasteur or 1.0 mL pipette.  Rehydrate the pellet.Aseptically transfer this aliquot back into the broth tube.  Mix well.Use several drops of the suspension to inoculate a #18 agar slant and/or plate.Incubate all tubes and plate at 37°C for 24 hours.",Freeze-dried,2°C to 8°C,BSL 1,https://www.atcc.org/api/product/sds?atcc_number=49576,https://www.atcc.org/products/49576,"This product is intended for laboratory research use only. It is not intended for any animal or human therapeutic use, any human or animal consumption, or any diagnostic use.",Permit required for delivery (check ATCC catalog terms),Yes,Unknown,Unknown,Whole-genome Sequencing,Unknown,Quality control,Quality control strain,Unknown,Unknown,Unknown,Unknown,Unknown,Unknown,Unknown,Unknown,Unknown
ATCC 49576,49576,Staphylococcus lugdunensisFreney et al.,LRA 260.05.79,Preceptrol culture,No,Unknown,Unknown,Unknown,Unknown,ATCC Medium 18: Trypticase Soy Agar/Broth,37°C,Aerobic,"Open vial according to enclosed instructions.From a single tube of #18 broth (5 to 6 mL), withdraw approximately 0.5 to 1 mL with a Pasteur or 1.0 mL pipette.  Rehydrate the pellet.Aseptically transfer this aliquot back into the broth tube.  Mix well.Use several drops of the suspension to inoculate a #18 agar slant and/or plate.Incubate all tubes and plate at 37°C for 24 hours.",Freeze-dried,2°C to 8°C,BSL 1,https://www.atcc.org/api/product/sds?atcc_number=49576,https://www.atcc.org/products/49576,"This product is intended for laboratory research use only. It is not intended for any animal or human therapeutic use, any human or animal consumption, or any diagnostic use.",Permit required for delivery (check ATCC catalog terms),Yes,Unknown,Unknown,Whole-genome Sequencing,Unknown,Quality control,Quality control strain,Unknown,Unknown,Unknown,Unknown,Unknown,Unknown,Unknown,Unknown,Unknown
NBF,19606,Acinetobacter baumanniiBouvet and Grimont,"2208 [81, DSM 6974]",Preceptrol culture,Yes,Urine,Unknown,Unknown,Unknown,ATCC Medium 18: Trypticase Soy Agar/Broth,37°C,Aerobic,"Open vial.Using a single tube of #18 broth (5 to 6 mL), withdraw approximately 0.5 to 1.0 mL with a Pasteur or 1.0 mL pipette. Rehydrate the entire pellet.Aseptically transfer this aliquot back into the broth tube. Mix well.Use several drops of the suspension to inoculate a #18 agar slant and/or plate.Incubate the tubes and plate at 37°C for 24 hours.",Freeze-dried,2°C to 8°C,BSL 2,https://www.atcc.org/api/product/sds?atcc_number=19606,https://www.atcc.org/products/19606,"This product is intended for laboratory research use only. It is not intended for any animal or human therapeutic use, any human or animal consumption, or any diagnostic use.",Permit required for delivery (check ATCC catalog terms),Yes,"GenBankAX111482Sequence 2215 from Patent WO0123604.GenBankAX111503Sequence 2236 from Patent WO0123604.GenBankAX111523Sequence 2256 from Patent WO0123604.GenBankZ93435Acinetobacter sp. 16S rRNA gene (strainATCC 19606).GenBankZ96926Acinetobacter baumannii waaA gene, strain ATCC 19606.GenBankAF100557Acinetobacter baumannii DNA gyrase A (gyrA) gene, partial cds.GenBankAB008684Acinetobacter baumannii DNA for DNA gyrase subunit B, partial cds, strain CIP 70.34.GenBankD73413Acinetobacter baumannii gene for DNA gyrase subunit B protein, C terminal side, partial cds.GenBankD73428Acinetobacter baumannii gene for DNA gyrase subunit B protein, N terminal side, partial cds.GenBankU60279Acinetobacter baumannii 16S-23S ribosomal RNA intergenic spacer, including Ile-tRNA and Ala-tRNA genes.GenBankAB001599Acinetobacter baumannii DNA for L-2,4-diaminobutyrate:2-ketoglutarate 4-aminotransferase, complete cds.",Unknown,Whole-genome Sequencing,Unknown,BioinformaticsFood testingMedia testingQuality controlUrinary tract infection research,Media testingQuality control strainQuality control strain for bioMérieux VITEK and Sensititre productsFood testingUTI assay development,Unknown,"GenBankAX111482Sequence 2215 from Patent WO0123604.GenBankAX111503Sequence 2236 from Patent WO0123604.GenBankAX111523Sequence 2256 from Patent WO0123604.GenBankZ93435Acinetobacter sp. 16S rRNA gene (strainATCC 19606).GenBankZ96926Acinetobacter baumannii waaA gene, strain ATCC 19606.GenBankAF100557Acinetobacter baumannii DNA gyrase A (gyrA) gene, partial cds.GenBankAB008684Acinetobacter baumannii DNA for DNA gyrase subunit B, partial cds, strain CIP 70.34.GenBankD73413Acinetobacter baumannii gene for DNA gyrase subunit B protein, C terminal side, partial cds.GenBankD73428Acinetobacter baumannii gene for DNA gyrase subunit B protein, N terminal side, partial cds.GenBankU60279Acinetobacter baumannii 16S-23S ribosomal RNA intergenic spacer, including Ile-tRNA and Ala-tRNA genes.GenBankAB001599Acinetobacter baumannii DNA for L-2,4-diaminobutyrate:2-ketoglutarate 4-aminotransferase, complete cds.",Unknown,Unknown,Unknown,Unknown,Unknown,Unknown,Unknown
NBF,19606,Acinetobacter baumanniiBouvet and Grimont,"2208 [81, DSM 6974]",Preceptrol culture,Yes,Urine,Unknown,Unknown,Unknown,ATCC Medium 18: Trypticase Soy Agar/Broth,37°C,Aerobic,"Open vial.Using a single tube of #18 broth (5 to 6 mL), withdraw approximately 0.5 to 1.0 mL with a Pasteur or 1.0 mL pipette. Rehydrate the entire pellet.Aseptically transfer this aliquot back into the broth tube. Mix well.Use several drops of the suspension to inoculate a #18 agar slant and/or plate.Incubate the tubes and plate at 37°C for 24 hours.",Freeze-dried,2°C to 8°C,BSL 2,https://www.atcc.org/api/product/sds?atcc_number=19606,https://www.atcc.org/products/19606,"This product is intended for laboratory research use only. It is not intended for any animal or human therapeutic use, any human or animal consumption, or any diagnostic use.",Permit required for delivery (check ATCC catalog terms),Yes,"GenBankAX111482Sequence 2215 from Patent WO0123604.GenBankAX111503Sequence 2236 from Patent WO0123604.GenBankAX111523Sequence 2256 from Patent WO0123604.GenBankZ93435Acinetobacter sp. 16S rRNA gene (strainATCC 19606).GenBankZ96926Acinetobacter baumannii waaA gene, strain ATCC 19606.GenBankAF100557Acinetobacter baumannii DNA gyrase A (gyrA) gene, partial cds.GenBankAB008684Acinetobacter baumannii DNA for DNA gyrase subunit B, partial cds, strain CIP 70.34.GenBankD73413Acinetobacter baumannii gene for DNA gyrase subunit B protein, C terminal side, partial cds.GenBankD73428Acinetobacter baumannii gene for DNA gyrase subunit B protein, N terminal side, partial cds.GenBankU60279Acinetobacter baumannii 16S-23S ribosomal RNA intergenic spacer, including Ile-tRNA and Ala-tRNA genes.GenBankAB001599Acinetobacter baumannii DNA for L-2,4-diaminobutyrate:2-ketoglutarate 4-aminotransferase, complete cds.",Unknown,Whole-genome Sequencing,Unknown,BioinformaticsFood testingMedia testingQuality controlUrinary tract infection research,Media testingQuality control strainQuality control strain for bioMérieux VITEK and Sensititre productsFood testingUTI assay development,Unknown,"GenBankAX111482Sequence 2215 from Patent WO0123604.GenBankAX111503Sequence 2236 from Patent WO0123604.GenBankAX111523Sequence 2256 from Patent WO0123604.GenBankZ93435Acinetobacter sp. 16S rRNA gene (strainATCC 19606).GenBankZ96926Acinetobacter baumannii waaA gene, strain ATCC 19606.GenBankAF100557Acinetobacter baumannii DNA gyrase A (gyrA) gene, partial cds.GenBankAB008684Acinetobacter baumannii DNA for DNA gyrase subunit B, partial cds, strain CIP 70.34.GenBankD73413Acinetobacter baumannii gene for DNA gyrase subunit B protein, C terminal side, partial cds.GenBankD73428Acinetobacter baumannii gene for DNA gyrase subunit B protein, N terminal side, partial cds.GenBankU60279Acinetobacter baumannii 16S-23S ribosomal RNA intergenic spacer, including Ile-tRNA and Ala-tRNA genes.GenBankAB001599Acinetobacter baumannii DNA for L-2,4-diaminobutyrate:2-ketoglutarate 4-aminotransferase, complete cds.",Unknown,Unknown,Unknown,Unknown,Unknown,Unknown,Unknown
NBF,27853,Pseudomonas aeruginosa(Schroeter) Migula,Boston 41501,Preceptrol culture,No,Blood culture,Unknown,Unknown,Unknown,ATCC Medium 18: Trypticase Soy Agar/Broth,37°C,Aerobic,Open thawed vial.Aseptically transfer the entire contents to a 5-6 mL tube of #18 broth. Additional test tubes can be inoculated by transferring 0.5 mL of the primary broth tube to these secondary tubes.Use several drops of the primary broth tube to inoculate a #18 plate and/or #18 agar slant.Incubate at 37°C for 18-24 hours.,Frozen,-80°C or colder,BSL 2,https://www.atcc.org/api/product/sds?atcc_number=27853,https://www.atcc.org/products/27853,"This product is intended for laboratory research use only. It is not intended for any animal or human therapeutic use, any human or animal consumption, or any diagnostic use.",Permit required for delivery (check ATCC catalog terms),Yes,"GenBankX65933P. aeruginosa pa-1L gene for PA-I galactophilic lectin.GenBankU07832Pseudomonas aeruginosa helicase I (helA) gene, partial cds.GenBankU64101Pseudomonas aeruginosa heat shock protein (groesEL) gene, partial cds.GenBankAB037545Pseudomonas aeruginosa gene for 16S ribosomal RNA, strain:ATCC 27853.GenBankM63957Pseudomonas aeruginosa heat shock protein (groES and groEL) genes, complete cds.GenBankU67855Pseudomonas aeruginosa UDP-3-O-acyl-GlcNAc deacetylase (lpxC) gene, complete cds.GenBankAF094719Pseudomonas aeruginosa strainATCC 2785316S ribosomal RNA gene, partial sequence.",Unknown,Whole-genome Sequencing,"Two colony types may be observed. Bacteriophage may be present in the culture.To prevent the proliferation of the second colony type, avoid passing this strain through broth for transfers.  It is recommended to wash a slant with phosphate buffer and use that to inoculate further agar plates and/or agar flasks if needed.To perform antibiotic susceptibility testing, open a vial to be tested intoATCC Medium #5548broth and plates. Incubate for 18-24 hours at 37°C.  Perform a subculture using ATCC Medium #5548 agar growth onto ATCC Medium #18 agar and incubate at 37°C for 18-24 hours. After the growth period on ATCC Medium #18 has concluded, antibiotic testing can be done.Note: If an antibiotic susceptibility testing needs to be repeated, a subculture cannot be done due to possible rapid mutations of ATCC 27853. A new vial will need to be opened and the process repeated.Purified genomic DNA (ATCC 27853D-5) and a Certified Reference Material (ATCC CRM-27853)of this strain are available.Additional information on this culture is available on the ATCC®web site at www.atcc.org.",BioinformaticsFood testingMedia testingQuality controlWater testing,"Control strainFood testingOpportunistic pathogen researchEvaluation of Mueller-Hinton agarRefProtocols for Evaluating Dehydrated Mueller-Hinton Agar; Approved Standard. Wayne, PA. Clinical and Laboratory Standards Institute; CLSI M6-A2.RefUS General Services Administration Mueller Hinton Medium, dehydrated. Washington, DC:US General Services Administration;Commercial Item Description A-A-50904A, 1986Media testingRefQuality Control for Commercially Prepared Microbiological Culture Media; Approved Standard - 3rd Edition. Wayne, PA. Clinical and Laboratory Standards Institute; CLSI M22-A3.RefMicrobiology of food and animal feeding stuffs--Guidelines on preparation and production of culture media-- Part 2: Practical guidelines on performance testing of culture media.. Geneva (Switzerland):International Organization for Standardization/ANSI;ISO ISO 11133-2:2003.RefMedical microbiology-- Culture media -- Part 3: Dip slides for microbiological urine analysis. Berlin, Germany:Deutsches Institut fur Normung;DIN DIN 58942-3: 2003, 2003RefMicrobiology of food and animal feeding stuffs --- Guidelines on preparation and production of culture media --- Part 2: Practical guidelines on performance testing of culture media - Annex B: Recommended test microorganisms for commonly used culture media. London, UK:British Standards Institution;British Standard DD CEN ISO/TS 11133:2003.Quality control strainRefAPI 20 NE QC Set. bioMerieux.RefBD Phoenix Gram Negative AST NMIC/ID QC Set. BD Becton Dickinson.RefMicroScan Dried Gram Negative Panel QC Set. Beckman Coulter.RefSensititre™ Automated Gram  Positive ID QC Set. Thermo Fisher Scientific.RefSensititre™ MIC Susceptibility QC Set. Thermo Fisher Scientific.Susceptibility disc testingRefPerformance Standards for Antimicrobial Disk Susceptibility Tests; Approved Standard - 9th Edition. Wayne, PA. Clinical and Laboratory Standards Institute; CLSI M2-A9.RefMethods for Antimicrobial Disk Susceptibility Testing of Bacteria Isolated from Aquatic Animals. Wayne, PA. Clinical and Laboratory Standards Institute; CLSI M42-A.RefMethods for Broth Dilution Susceptibility Testing of Bacteria Isolated from Aquatic Animals. Wayne, PA. Clinical and Laboratory Standards Institute; CLSI M49-A.Susceptibility testingRefMethods for Dilution Antimicrobial Susceptibility Tests for Bacteria that Grow Aerobically; Approved Standard - 7th Edition. Wayne, PA. Clinical and Laboratory Standards Institute; CLSI M7-A8.RefPerformance Standards for Antimicrobial Disk and Dilution Susceptibility Tests for Bacteria Isolated from Animals; Approved Standard - 2nd Edition. Wayne, PA. Clinical and Laboratory Standards Institute; CLSI M31-A3.RefPerformance Standards for Antimicrobial Susceptibility Testing; Sixteenth Informational Supplement. Wayne, PA. Clinical and Laboratory Standards Institute; CLSI M100-S20, 2007RefEvaluation of Lots of Dehydrated Mueller-Hinton Broth for Antimicrobial Susceptibility testing;  Proposed Guideline. Wayne, PA. Clinical and Laboratory Standards Institute; CLSI M32-P.RefMedical microbiology; methods for the determination of susceptibility of pathogens (except mycobacteria) to antimicrobial agents: agar diffusion test. Berlin, Germany: Deutsches Institut fur Normung; DIN 58940-3: 1989RefMedical microbiology -- Methods for the determination of susceptibility of pathogens (except mycobacteria) to antimicrobial agents-- Part 7: Determination of the minimum bactericidal concentration (MBC) with the aid of microdilution. Berlin, Germany:Deutsches Institut fur Normung;DIN DIN 58940-7: 1994, 1994RefMedical microbiology: methods for the determination of susceptibility of pathogens (except mycobacteria) to antimicrobial agents; determination of MICs by agar dilution method. Berlin, Germany:Deutsches Institut fur Normung;DIN DIN 58940-6: 1989, 1989RefMedical microbiology -- Susceptibility testing of microbial pathogens to antimicrobial agents -- Part 81: Microdilution; Special requirements for testing of non-fastidious bacteria. Berlin, Germany: Deutsches Institut fur Normung; DIN 58940-81: 2002RefClinical laboratory testing and in vitro diagnostic test systems --- Susceptibility testing of infectious agents and evaluation of performance of antimicrobial susceptibility test devices --- Part 1: Reference method for testing the in vitro activity of antimicrobial agents against rapidly growing aerobic bacteria involved in infectious diseases. London, UK:British Standards Institution;British Standard BS EN ISO 20776-1:2006.TestingRefAeromonas in Finished Water by Membrane Filtration using Ampicillin-Dextrin Agar with Vancomycin (ADA-V). Washington, DC:Environmental Protection Agency;EPA EPA Method 1605, 2001Quality control strain for Abbott, API, Autobac, BBL, bioMerieux Vitek, Micro-Media, MicroScan®, Roche Diagnostics, Sensititre products, and the Etest Metallo Beta-Lactamase (MBL) strip.",Unknown,"GenBankX65933P. aeruginosa pa-1L gene for PA-I galactophilic lectin.GenBankU07832Pseudomonas aeruginosa helicase I (helA) gene, partial cds.GenBankU64101Pseudomonas aeruginosa heat shock protein (groesEL) gene, partial cds.GenBankAB037545Pseudomonas aeruginosa gene for 16S ribosomal RNA, strain:ATCC 27853.GenBankM63957Pseudomonas aeruginosa heat shock protein (groES and groEL) genes, complete cds.GenBankU67855Pseudomonas aeruginosa UDP-3-O-acyl-GlcNAc deacetylase (lpxC) gene, complete cds.GenBankAF094719Pseudomonas aeruginosa strainATCC 2785316S ribosomal RNA gene, partial sequence.",Unknown,Unknown,Unknown,Unknown,Unknown,Unknown,Unknown
NBF,27853,Pseudomonas aeruginosa(Schroeter) Migula,Boston 41501,Preceptrol culture,No,Blood culture,Unknown,Unknown,Unknown,ATCC Medium 18: Trypticase Soy Agar/Broth,37°C,Aerobic,Open thawed vial.Aseptically transfer the entire contents to a 5-6 mL tube of #18 broth. Additional test tubes can be inoculated by transferring 0.5 mL of the primary broth tube to these secondary tubes.Use several drops of the primary broth tube to inoculate a #18 plate and/or #18 agar slant.Incubate at 37°C for 18-24 hours.,Frozen,-80°C or colder,BSL 2,https://www.atcc.org/api/product/sds?atcc_number=27853,https://www.atcc.org/products/27853,"This product is intended for laboratory research use only. It is not intended for any animal or human therapeutic use, any human or animal consumption, or any diagnostic use.",Permit required for delivery (check ATCC catalog terms),Yes,"GenBankX65933P. aeruginosa pa-1L gene for PA-I galactophilic lectin.GenBankU07832Pseudomonas aeruginosa helicase I (helA) gene, partial cds.GenBankU64101Pseudomonas aeruginosa heat shock protein (groesEL) gene, partial cds.GenBankAB037545Pseudomonas aeruginosa gene for 16S ribosomal RNA, strain:ATCC 27853.GenBankM63957Pseudomonas aeruginosa heat shock protein (groES and groEL) genes, complete cds.GenBankU67855Pseudomonas aeruginosa UDP-3-O-acyl-GlcNAc deacetylase (lpxC) gene, complete cds.GenBankAF094719Pseudomonas aeruginosa strainATCC 2785316S ribosomal RNA gene, partial sequence.",Unknown,Whole-genome Sequencing,"Two colony types may be observed. Bacteriophage may be present in the culture.To prevent the proliferation of the second colony type, avoid passing this strain through broth for transfers.  It is recommended to wash a slant with phosphate buffer and use that to inoculate further agar plates and/or agar flasks if needed.To perform antibiotic susceptibility testing, open a vial to be tested intoATCC Medium #5548broth and plates. Incubate for 18-24 hours at 37°C.  Perform a subculture using ATCC Medium #5548 agar growth onto ATCC Medium #18 agar and incubate at 37°C for 18-24 hours. After the growth period on ATCC Medium #18 has concluded, antibiotic testing can be done.Note: If an antibiotic susceptibility testing needs to be repeated, a subculture cannot be done due to possible rapid mutations of ATCC 27853. A new vial will need to be opened and the process repeated.Purified genomic DNA (ATCC 27853D-5) and a Certified Reference Material (ATCC CRM-27853)of this strain are available.Additional information on this culture is available on the ATCC®web site at www.atcc.org.",BioinformaticsFood testingMedia testingQuality controlWater testing,"Control strainFood testingOpportunistic pathogen researchEvaluation of Mueller-Hinton agarRefProtocols for Evaluating Dehydrated Mueller-Hinton Agar; Approved Standard. Wayne, PA. Clinical and Laboratory Standards Institute; CLSI M6-A2.RefUS General Services Administration Mueller Hinton Medium, dehydrated. Washington, DC:US General Services Administration;Commercial Item Description A-A-50904A, 1986Media testingRefQuality Control for Commercially Prepared Microbiological Culture Media; Approved Standard - 3rd Edition. Wayne, PA. Clinical and Laboratory Standards Institute; CLSI M22-A3.RefMicrobiology of food and animal feeding stuffs--Guidelines on preparation and production of culture media-- Part 2: Practical guidelines on performance testing of culture media.. Geneva (Switzerland):International Organization for Standardization/ANSI;ISO ISO 11133-2:2003.RefMedical microbiology-- Culture media -- Part 3: Dip slides for microbiological urine analysis. Berlin, Germany:Deutsches Institut fur Normung;DIN DIN 58942-3: 2003, 2003RefMicrobiology of food and animal feeding stuffs --- Guidelines on preparation and production of culture media --- Part 2: Practical guidelines on performance testing of culture media - Annex B: Recommended test microorganisms for commonly used culture media. London, UK:British Standards Institution;British Standard DD CEN ISO/TS 11133:2003.Quality control strainRefAPI 20 NE QC Set. bioMerieux.RefBD Phoenix Gram Negative AST NMIC/ID QC Set. BD Becton Dickinson.RefMicroScan Dried Gram Negative Panel QC Set. Beckman Coulter.RefSensititre™ Automated Gram  Positive ID QC Set. Thermo Fisher Scientific.RefSensititre™ MIC Susceptibility QC Set. Thermo Fisher Scientific.Susceptibility disc testingRefPerformance Standards for Antimicrobial Disk Susceptibility Tests; Approved Standard - 9th Edition. Wayne, PA. Clinical and Laboratory Standards Institute; CLSI M2-A9.RefMethods for Antimicrobial Disk Susceptibility Testing of Bacteria Isolated from Aquatic Animals. Wayne, PA. Clinical and Laboratory Standards Institute; CLSI M42-A.RefMethods for Broth Dilution Susceptibility Testing of Bacteria Isolated from Aquatic Animals. Wayne, PA. Clinical and Laboratory Standards Institute; CLSI M49-A.Susceptibility testingRefMethods for Dilution Antimicrobial Susceptibility Tests for Bacteria that Grow Aerobically; Approved Standard - 7th Edition. Wayne, PA. Clinical and Laboratory Standards Institute; CLSI M7-A8.RefPerformance Standards for Antimicrobial Disk and Dilution Susceptibility Tests for Bacteria Isolated from Animals; Approved Standard - 2nd Edition. Wayne, PA. Clinical and Laboratory Standards Institute; CLSI M31-A3.RefPerformance Standards for Antimicrobial Susceptibility Testing; Sixteenth Informational Supplement. Wayne, PA. Clinical and Laboratory Standards Institute; CLSI M100-S20, 2007RefEvaluation of Lots of Dehydrated Mueller-Hinton Broth for Antimicrobial Susceptibility testing;  Proposed Guideline. Wayne, PA. Clinical and Laboratory Standards Institute; CLSI M32-P.RefMedical microbiology; methods for the determination of susceptibility of pathogens (except mycobacteria) to antimicrobial agents: agar diffusion test. Berlin, Germany: Deutsches Institut fur Normung; DIN 58940-3: 1989RefMedical microbiology -- Methods for the determination of susceptibility of pathogens (except mycobacteria) to antimicrobial agents-- Part 7: Determination of the minimum bactericidal concentration (MBC) with the aid of microdilution. Berlin, Germany:Deutsches Institut fur Normung;DIN DIN 58940-7: 1994, 1994RefMedical microbiology: methods for the determination of susceptibility of pathogens (except mycobacteria) to antimicrobial agents; determination of MICs by agar dilution method. Berlin, Germany:Deutsches Institut fur Normung;DIN DIN 58940-6: 1989, 1989RefMedical microbiology -- Susceptibility testing of microbial pathogens to antimicrobial agents -- Part 81: Microdilution; Special requirements for testing of non-fastidious bacteria. Berlin, Germany: Deutsches Institut fur Normung; DIN 58940-81: 2002RefClinical laboratory testing and in vitro diagnostic test systems --- Susceptibility testing of infectious agents and evaluation of performance of antimicrobial susceptibility test devices --- Part 1: Reference method for testing the in vitro activity of antimicrobial agents against rapidly growing aerobic bacteria involved in infectious diseases. London, UK:British Standards Institution;British Standard BS EN ISO 20776-1:2006.TestingRefAeromonas in Finished Water by Membrane Filtration using Ampicillin-Dextrin Agar with Vancomycin (ADA-V). Washington, DC:Environmental Protection Agency;EPA EPA Method 1605, 2001Quality control strain for Abbott, API, Autobac, BBL, bioMerieux Vitek, Micro-Media, MicroScan®, Roche Diagnostics, Sensititre products, and the Etest Metallo Beta-Lactamase (MBL) strip.",Unknown,"GenBankX65933P. aeruginosa pa-1L gene for PA-I galactophilic lectin.GenBankU07832Pseudomonas aeruginosa helicase I (helA) gene, partial cds.GenBankU64101Pseudomonas aeruginosa heat shock protein (groesEL) gene, partial cds.GenBankAB037545Pseudomonas aeruginosa gene for 16S ribosomal RNA, strain:ATCC 27853.GenBankM63957Pseudomonas aeruginosa heat shock protein (groES and groEL) genes, complete cds.GenBankU67855Pseudomonas aeruginosa UDP-3-O-acyl-GlcNAc deacetylase (lpxC) gene, complete cds.GenBankAF094719Pseudomonas aeruginosa strainATCC 2785316S ribosomal RNA gene, partial sequence.",Unknown,Unknown,Unknown,Unknown,Unknown,Unknown,Unknown
NBF,19424,Neisseria gonorrhoeae(Zopf) Trevisan,NCTC 8375 [B 5025],Preceptrol culture,Yes,Unknown,Unknown,Unknown,Unknown,ATCC Medium 814: GC Agar/Broth Medium,37°C,"95% Air, 5% CO2","Open vial.Using a single tube of #814 broth (5 to 6 mL), withdraw approximately 0.5 to 1.0 mL with a Pasteur or 1.0 mL pipette. Rehydrate the entire pellet.Aseptically transfer this aliquot back into the broth tube. Mix well.Use several drops of the suspension to inoculate a second tube of broth, agar slant and/or plate of #814.Incubate the tubes and plate at 37°C with 5% CO2for 24 to 48 hours. Assure that screw caps are loose during incubation period.",Freeze-dried,2°C to 8°C,BSL 2,https://www.atcc.org/api/product/sds?atcc_number=19424,https://www.atcc.org/products/19424,"This product is intended for laboratory research use only. It is not intended for any animal or human therapeutic use, any human or animal consumption, or any diagnostic use.",Permit required for delivery (check ATCC catalog terms),Yes,"GenBankAX048538Sequence 83 from Patent WO0070086.GenBankAX048539Sequence 84 from Patent WO0070086.GenBankD32252Neisseria gonorrhoeae gyrA gene, partial cds.GenBankU68080Neisseria gonorrhoeae coded portion of proteolysis tag tmRNA gene.",Unknown,Whole-genome Sequencing,Unknown,Infectious disease researchMedia testingQuality controlSexually transmitted disease research,Media testingQuality control strainQuality control strain for BBL productsSexually Transmitted Disease Research,Unknown,"GenBankAX048538Sequence 83 from Patent WO0070086.GenBankAX048539Sequence 84 from Patent WO0070086.GenBankD32252Neisseria gonorrhoeae gyrA gene, partial cds.GenBankU68080Neisseria gonorrhoeae coded portion of proteolysis tag tmRNA gene.",Unknown,Unknown,Unknown,Unknown,Unknown,Unknown,Unknown
NBF,19424,Neisseria gonorrhoeae(Zopf) Trevisan,NCTC 8375 [B 5025],Preceptrol culture,Yes,Unknown,Unknown,Unknown,Unknown,ATCC Medium 814: GC Agar/Broth Medium,37°C,"95% Air, 5% CO2","Open vial.Using a single tube of #814 broth (5 to 6 mL), withdraw approximately 0.5 to 1.0 mL with a Pasteur or 1.0 mL pipette. Rehydrate the entire pellet.Aseptically transfer this aliquot back into the broth tube. Mix well.Use several drops of the suspension to inoculate a second tube of broth, agar slant and/or plate of #814.Incubate the tubes and plate at 37°C with 5% CO2for 24 to 48 hours. Assure that screw caps are loose during incubation period.",Freeze-dried,2°C to 8°C,BSL 2,https://www.atcc.org/api/product/sds?atcc_number=19424,https://www.atcc.org/products/19424,"This product is intended for laboratory research use only. It is not intended for any animal or human therapeutic use, any human or animal consumption, or any diagnostic use.",Permit required for delivery (check ATCC catalog terms),Yes,"GenBankAX048538Sequence 83 from Patent WO0070086.GenBankAX048539Sequence 84 from Patent WO0070086.GenBankD32252Neisseria gonorrhoeae gyrA gene, partial cds.GenBankU68080Neisseria gonorrhoeae coded portion of proteolysis tag tmRNA gene.",Unknown,Whole-genome Sequencing,Unknown,Infectious disease researchMedia testingQuality controlSexually transmitted disease research,Media testingQuality control strainQuality control strain for BBL productsSexually Transmitted Disease Research,Unknown,"GenBankAX048538Sequence 83 from Patent WO0070086.GenBankAX048539Sequence 84 from Patent WO0070086.GenBankD32252Neisseria gonorrhoeae gyrA gene, partial cds.GenBankU68080Neisseria gonorrhoeae coded portion of proteolysis tag tmRNA gene.",Unknown,Unknown,Unknown,Unknown,Unknown,Unknown,Unknown
NBF,12228,Staphylococcus epidermidis(Winslow and Winslow) Evans,FDA strain PCI 1200,Preceptrol culture,No,Unknown,Unknown,Unknown,Unknown,ATCC Medium 3: Nutrient agar or nutrient broth,37°C,Aerobic,"Open vial according to enclosed instructions.Using a single tube of #3 broth (5 to 6 mL), withdraw approximately 0.5 to 1.0 mL with a Pasteur or 1.0 mL pipette. Rehydrate the entire pellet.Aseptically transfer this aliquot back into the broth tube. Mix well.Use several drops of the suspension to inoculate a #3 agar slant and/or plate.Incubate the tubes and plate at 37°C for 24 hours.",Freeze-dried,2°C to 8°C,BSL 1,https://www.atcc.org/api/product/sds?atcc_number=12228,https://www.atcc.org/products/12228,"This product is intended for laboratory research use only. It is not intended for any animal or human therapeutic use, any human or animal consumption, or any diagnostic use.",Permit required for delivery (check ATCC catalog terms),Yes,"GenBankU39771Staphylococcus epidermidis 16S-23S ribosomal RNA spacer region.GenBankU90018Staphylococcus epidermidis 16S-23S ribosomal RNA spacer region.GenBankU90019Staphylococcus epidermidis 16S-23S ribosomal RNA spacer region.GenBankU90020Staphylococcus epidermidis 16S-23S ribosomal RNA spacer region.GenBankU90021Staphylococcus epidermidis 16S-23S ribosomal RNA spacer region.GenBankAE015929Staphylococcus epidermidisATCC 12228, complete genome.",Unknown,Whole-genome Sequencing,Unknown,BioinformaticsFood testingMedia testingQuality controlPharmaceutical testing,"Food testingRabbit pyrogen testingBacterial endotoxin testingAntibiotic assayPotency testingPharmaceutical and Personal CareAssay of gentamicinRefEuropean Pharmacopoeia Commission Microbiological assay of antibiotics. Strasbourg, France:European Pharmacopoeia Commission;European Pharmacopoeia EP 2.7.2, 1997RefU.S. Pharmacopeia General Chapters; <81> Antibiotics-Microbial Assays. Rockville, MD: U.S. Pharmacopeia; USP USP34-NF29, 2011Assay of neomycinRefU.S. Pharmacopeia General Chapters; <81> Antibiotics-Microbial Assays. Rockville, MD: U.S. Pharmacopeia; USP USP34-NF29, 2011RefAOAC International Antibiotics in feeds, microbiological methods. Gaithersburg, MD:AOAC International;AOAC ""Official Methods of Analysis of the AOAC International"" 957.23.RefNeomycin in Feeds -- Stahl Microbiological Agar Diffusion Assay. Gaithersburg, MD:AOAC International;AOAC ""Official Methods of Analysis of the AOAC International"" 998.02.Assay of netilmycinRefU.S. Pharmacopeia General Chapters; <81> Antibiotics-Microbial Assays. Rockville, MD: U.S. Pharmacopeia; USP USP34-NF29, 2011Assay of novobiocinRefU.S. Pharmacopeia General Chapters; <81> Antibiotics-Microbial Assays. Rockville, MD: U.S. Pharmacopeia; USP USP34-NF29, 2011RefAOAC International Antibiotics in feeds, microbiological methods. Gaithersburg, MD:AOAC International;AOAC ""Official Methods of Analysis of the AOAC International"" 957.23.Assay of oleandomycinAssay of paromomycin aminosidine, catenulinRefU.S. Pharmacopeia General Chapters; <81> Antibiotics-Microbial Assays. Rockville, MD: U.S. Pharmacopeia; USP USP34-NF29, 2011Assay of sisomicinRefU.S. Pharmacopeia General Chapters; <81> Antibiotics-Microbial Assays. Rockville, MD: U.S. Pharmacopeia; USP USP34-NF29, 2011Inhibition testingRefStandard Test Method for Evaluation of Antimicrobial Formulations by the Agar Patch Technique. West Conshohocken, PA:ASTM International;ASTM Standard Test Method E 1882-05.Media testingRefQuality Control for Commercially Prepared Microbiological Culture Media; Approved Standard - 3rd Edition. Wayne, PA. Clinical and Laboratory Standards Institute; CLSI M22-A3.RefMicrobiology of food and animal feeding stuffs--Guidelines on preparation and production of culture media-- Part 2: Practical guidelines on performance testing of culture media.. Geneva (Switzerland):International Organization for Standardization/ANSI;ISO ISO 11133-2:2003.RefMicrobiology of food and animal feeding stuffs --- Guidelines on preparation and production of culture media --- Part 2: Practical guidelines on performance testing of culture media - Annex B: Recommended test microorganisms for commonly used culture media. London, UK:British Standards Institution;British Standard DD CEN ISO/TS 11133:2003.Quality control strainrefRefBD Crystal Gram-Positive QC Set. BD Becton Dickinson.refSterility testingSusceptibility disc testing neomycinSusceptibility disc testing vancomycinRefZhang YQ, et al. Genome-based analysis of virulence genes in a non-biofilm-formingStaphylococcus epidermidisstrain (ATCC 12228). Mol. Microbiol. 49: 1577-1593, 2003.PubMed: 12950922Recommended as a test microorganism for EP 2.7.2 Microbiological Assays of AntibioticsRecommended as a test microorganism for JP 16 MonographsRecommended as a test microorganism for USP <81> Antibiotics-Microbial Assays",Unknown,"GenBankU39771Staphylococcus epidermidis 16S-23S ribosomal RNA spacer region.GenBankU90018Staphylococcus epidermidis 16S-23S ribosomal RNA spacer region.GenBankU90019Staphylococcus epidermidis 16S-23S ribosomal RNA spacer region.GenBankU90020Staphylococcus epidermidis 16S-23S ribosomal RNA spacer region.GenBankU90021Staphylococcus epidermidis 16S-23S ribosomal RNA spacer region.GenBankAE015929Staphylococcus epidermidisATCC 12228, complete genome.",Unknown,Unknown,Unknown,Unknown,Unknown,Unknown,Unknown
NBF,12228,Staphylococcus epidermidis(Winslow and Winslow) Evans,FDA strain PCI 1200,Preceptrol culture,No,Unknown,Unknown,Unknown,Unknown,ATCC Medium 3: Nutrient agar or nutrient broth,37°C,Aerobic,"Open vial according to enclosed instructions.Using a single tube of #3 broth (5 to 6 mL), withdraw approximately 0.5 to 1.0 mL with a Pasteur or 1.0 mL pipette. Rehydrate the entire pellet.Aseptically transfer this aliquot back into the broth tube. Mix well.Use several drops of the suspension to inoculate a #3 agar slant and/or plate.Incubate the tubes and plate at 37°C for 24 hours.",Freeze-dried,2°C to 8°C,BSL 1,https://www.atcc.org/api/product/sds?atcc_number=12228,https://www.atcc.org/products/12228,"This product is intended for laboratory research use only. It is not intended for any animal or human therapeutic use, any human or animal consumption, or any diagnostic use.",Permit required for delivery (check ATCC catalog terms),Yes,"GenBankU39771Staphylococcus epidermidis 16S-23S ribosomal RNA spacer region.GenBankU90018Staphylococcus epidermidis 16S-23S ribosomal RNA spacer region.GenBankU90019Staphylococcus epidermidis 16S-23S ribosomal RNA spacer region.GenBankU90020Staphylococcus epidermidis 16S-23S ribosomal RNA spacer region.GenBankU90021Staphylococcus epidermidis 16S-23S ribosomal RNA spacer region.GenBankAE015929Staphylococcus epidermidisATCC 12228, complete genome.",Unknown,Whole-genome Sequencing,Unknown,BioinformaticsFood testingMedia testingQuality controlPharmaceutical testing,"Food testingRabbit pyrogen testingBacterial endotoxin testingAntibiotic assayPotency testingPharmaceutical and Personal CareAssay of gentamicinRefEuropean Pharmacopoeia Commission Microbiological assay of antibiotics. Strasbourg, France:European Pharmacopoeia Commission;European Pharmacopoeia EP 2.7.2, 1997RefU.S. Pharmacopeia General Chapters; <81> Antibiotics-Microbial Assays. Rockville, MD: U.S. Pharmacopeia; USP USP34-NF29, 2011Assay of neomycinRefU.S. Pharmacopeia General Chapters; <81> Antibiotics-Microbial Assays. Rockville, MD: U.S. Pharmacopeia; USP USP34-NF29, 2011RefAOAC International Antibiotics in feeds, microbiological methods. Gaithersburg, MD:AOAC International;AOAC ""Official Methods of Analysis of the AOAC International"" 957.23.RefNeomycin in Feeds -- Stahl Microbiological Agar Diffusion Assay. Gaithersburg, MD:AOAC International;AOAC ""Official Methods of Analysis of the AOAC International"" 998.02.Assay of netilmycinRefU.S. Pharmacopeia General Chapters; <81> Antibiotics-Microbial Assays. Rockville, MD: U.S. Pharmacopeia; USP USP34-NF29, 2011Assay of novobiocinRefU.S. Pharmacopeia General Chapters; <81> Antibiotics-Microbial Assays. Rockville, MD: U.S. Pharmacopeia; USP USP34-NF29, 2011RefAOAC International Antibiotics in feeds, microbiological methods. Gaithersburg, MD:AOAC International;AOAC ""Official Methods of Analysis of the AOAC International"" 957.23.Assay of oleandomycinAssay of paromomycin aminosidine, catenulinRefU.S. Pharmacopeia General Chapters; <81> Antibiotics-Microbial Assays. Rockville, MD: U.S. Pharmacopeia; USP USP34-NF29, 2011Assay of sisomicinRefU.S. Pharmacopeia General Chapters; <81> Antibiotics-Microbial Assays. Rockville, MD: U.S. Pharmacopeia; USP USP34-NF29, 2011Inhibition testingRefStandard Test Method for Evaluation of Antimicrobial Formulations by the Agar Patch Technique. West Conshohocken, PA:ASTM International;ASTM Standard Test Method E 1882-05.Media testingRefQuality Control for Commercially Prepared Microbiological Culture Media; Approved Standard - 3rd Edition. Wayne, PA. Clinical and Laboratory Standards Institute; CLSI M22-A3.RefMicrobiology of food and animal feeding stuffs--Guidelines on preparation and production of culture media-- Part 2: Practical guidelines on performance testing of culture media.. Geneva (Switzerland):International Organization for Standardization/ANSI;ISO ISO 11133-2:2003.RefMicrobiology of food and animal feeding stuffs --- Guidelines on preparation and production of culture media --- Part 2: Practical guidelines on performance testing of culture media - Annex B: Recommended test microorganisms for commonly used culture media. London, UK:British Standards Institution;British Standard DD CEN ISO/TS 11133:2003.Quality control strainrefRefBD Crystal Gram-Positive QC Set. BD Becton Dickinson.refSterility testingSusceptibility disc testing neomycinSusceptibility disc testing vancomycinRefZhang YQ, et al. Genome-based analysis of virulence genes in a non-biofilm-formingStaphylococcus epidermidisstrain (ATCC 12228). Mol. Microbiol. 49: 1577-1593, 2003.PubMed: 12950922Recommended as a test microorganism for EP 2.7.2 Microbiological Assays of AntibioticsRecommended as a test microorganism for JP 16 MonographsRecommended as a test microorganism for USP <81> Antibiotics-Microbial Assays",Unknown,"GenBankU39771Staphylococcus epidermidis 16S-23S ribosomal RNA spacer region.GenBankU90018Staphylococcus epidermidis 16S-23S ribosomal RNA spacer region.GenBankU90019Staphylococcus epidermidis 16S-23S ribosomal RNA spacer region.GenBankU90020Staphylococcus epidermidis 16S-23S ribosomal RNA spacer region.GenBankU90021Staphylococcus epidermidis 16S-23S ribosomal RNA spacer region.GenBankAE015929Staphylococcus epidermidisATCC 12228, complete genome.",Unknown,Unknown,Unknown,Unknown,Unknown,Unknown,Unknown
NBF,27840,Staphylococcus capitissubsp.capitisKloos and Schleifer,LK 499,Unknown,Yes,Skin,Human,Unknown,Unknown,ATCC Medium 3: Nutrient agar or nutrient broth,37°C,Aerobic,"Open vial according to enclosed instructions.Using a single tube of #3 broth (5 to 6 ml), withdraw approximately 0.5 to 1.0 ml with a Pasteur or 1.0 ml pipette.  Rehydrate the entire pellet.Aseptically transfer this aliquot back into the broth tube.  Mix well.Use several drops of the suspension to inoculate a second tube of broth, a slant, and/or plate.Incubate all tubes and plate at 37°C for 24 hours.",Freeze-dried,2°C to 8°C,BSL 1,https://www.atcc.org/api/product/sds?atcc_number=27840,https://www.atcc.org/products/27840,"This product is intended for laboratory research use only. It is not intended for any animal or human therapeutic use, any human or animal consumption, or any diagnostic use.",Permit required for delivery (check ATCC catalog terms),Yes,"GenBankZ26940S.capitis (capitis) gene for 16S ribosomal RNA.GenBankL37599Staphylococcus capitis 16S ribosomal RNA (16S rRNA) gene.GenBankAF298798Staphylococcus capitis translation elongation factor Tu (tuf) gene, partial cds.",Unknown,Whole-genome Sequencing,Unknown,Unknown,Unknown,Unknown,"GenBankZ26940S.capitis (capitis) gene for 16S ribosomal RNA.GenBankL37599Staphylococcus capitis 16S ribosomal RNA (16S rRNA) gene.GenBankAF298798Staphylococcus capitis translation elongation factor Tu (tuf) gene, partial cds.",Unknown,Unknown,Unknown,Unknown,Unknown,Unknown,Unknown
NBF,27840,Staphylococcus capitissubsp.capitisKloos and Schleifer,LK 499,Unknown,Yes,Skin,Human,Unknown,Unknown,ATCC Medium 3: Nutrient agar or nutrient broth,37°C,Aerobic,"Open vial according to enclosed instructions.Using a single tube of #3 broth (5 to 6 ml), withdraw approximately 0.5 to 1.0 ml with a Pasteur or 1.0 ml pipette.  Rehydrate the entire pellet.Aseptically transfer this aliquot back into the broth tube.  Mix well.Use several drops of the suspension to inoculate a second tube of broth, a slant, and/or plate.Incubate all tubes and plate at 37°C for 24 hours.",Freeze-dried,2°C to 8°C,BSL 1,https://www.atcc.org/api/product/sds?atcc_number=27840,https://www.atcc.org/products/27840,"This product is intended for laboratory research use only. It is not intended for any animal or human therapeutic use, any human or animal consumption, or any diagnostic use.",Permit required for delivery (check ATCC catalog terms),Yes,"GenBankZ26940S.capitis (capitis) gene for 16S ribosomal RNA.GenBankL37599Staphylococcus capitis 16S ribosomal RNA (16S rRNA) gene.GenBankAF298798Staphylococcus capitis translation elongation factor Tu (tuf) gene, partial cds.",Unknown,Whole-genome Sequencing,Unknown,Unknown,Unknown,Unknown,"GenBankZ26940S.capitis (capitis) gene for 16S ribosomal RNA.GenBankL37599Staphylococcus capitis 16S ribosomal RNA (16S rRNA) gene.GenBankAF298798Staphylococcus capitis translation elongation factor Tu (tuf) gene, partial cds.",Unknown,Unknown,Unknown,Unknown,Unknown,Unknown,Unknown
NBF,27853,Pseudomonas aeruginosa(Schroeter) Migula,Boston 41501,Preceptrol culture,No,Blood culture,Unknown,Unknown,Unknown,ATCC Medium 18: Trypticase Soy Agar/Broth,37°C,Aerobic,Open thawed vial.Aseptically transfer the entire contents to a 5-6 mL tube of #18 broth. Additional test tubes can be inoculated by transferring 0.5 mL of the primary broth tube to these secondary tubes.Use several drops of the primary broth tube to inoculate a #18 plate and/or #18 agar slant.Incubate at 37°C for 18-24 hours.,Frozen,-80°C or colder,BSL 2,https://www.atcc.org/api/product/sds?atcc_number=27853,https://www.atcc.org/products/27853,"This product is intended for laboratory research use only. It is not intended for any animal or human therapeutic use, any human or animal consumption, or any diagnostic use.",Permit required for delivery (check ATCC catalog terms),Yes,"GenBankX65933P. aeruginosa pa-1L gene for PA-I galactophilic lectin.GenBankU07832Pseudomonas aeruginosa helicase I (helA) gene, partial cds.GenBankU64101Pseudomonas aeruginosa heat shock protein (groesEL) gene, partial cds.GenBankAB037545Pseudomonas aeruginosa gene for 16S ribosomal RNA, strain:ATCC 27853.GenBankM63957Pseudomonas aeruginosa heat shock protein (groES and groEL) genes, complete cds.GenBankU67855Pseudomonas aeruginosa UDP-3-O-acyl-GlcNAc deacetylase (lpxC) gene, complete cds.GenBankAF094719Pseudomonas aeruginosa strainATCC 2785316S ribosomal RNA gene, partial sequence.",Unknown,Whole-genome Sequencing,"Two colony types may be observed. Bacteriophage may be present in the culture.To prevent the proliferation of the second colony type, avoid passing this strain through broth for transfers.  It is recommended to wash a slant with phosphate buffer and use that to inoculate further agar plates and/or agar flasks if needed.To perform antibiotic susceptibility testing, open a vial to be tested intoATCC Medium #5548broth and plates. Incubate for 18-24 hours at 37°C.  Perform a subculture using ATCC Medium #5548 agar growth onto ATCC Medium #18 agar and incubate at 37°C for 18-24 hours. After the growth period on ATCC Medium #18 has concluded, antibiotic testing can be done.Note: If an antibiotic susceptibility testing needs to be repeated, a subculture cannot be done due to possible rapid mutations of ATCC 27853. A new vial will need to be opened and the process repeated.Purified genomic DNA (ATCC 27853D-5) and a Certified Reference Material (ATCC CRM-27853)of this strain are available.Additional information on this culture is available on the ATCC®web site at www.atcc.org.",BioinformaticsFood testingMedia testingQuality controlWater testing,"Control strainFood testingOpportunistic pathogen researchEvaluation of Mueller-Hinton agarRefProtocols for Evaluating Dehydrated Mueller-Hinton Agar; Approved Standard. Wayne, PA. Clinical and Laboratory Standards Institute; CLSI M6-A2.RefUS General Services Administration Mueller Hinton Medium, dehydrated. Washington, DC:US General Services Administration;Commercial Item Description A-A-50904A, 1986Media testingRefQuality Control for Commercially Prepared Microbiological Culture Media; Approved Standard - 3rd Edition. Wayne, PA. Clinical and Laboratory Standards Institute; CLSI M22-A3.RefMicrobiology of food and animal feeding stuffs--Guidelines on preparation and production of culture media-- Part 2: Practical guidelines on performance testing of culture media.. Geneva (Switzerland):International Organization for Standardization/ANSI;ISO ISO 11133-2:2003.RefMedical microbiology-- Culture media -- Part 3: Dip slides for microbiological urine analysis. Berlin, Germany:Deutsches Institut fur Normung;DIN DIN 58942-3: 2003, 2003RefMicrobiology of food and animal feeding stuffs --- Guidelines on preparation and production of culture media --- Part 2: Practical guidelines on performance testing of culture media - Annex B: Recommended test microorganisms for commonly used culture media. London, UK:British Standards Institution;British Standard DD CEN ISO/TS 11133:2003.Quality control strainRefAPI 20 NE QC Set. bioMerieux.RefBD Phoenix Gram Negative AST NMIC/ID QC Set. BD Becton Dickinson.RefMicroScan Dried Gram Negative Panel QC Set. Beckman Coulter.RefSensititre™ Automated Gram  Positive ID QC Set. Thermo Fisher Scientific.RefSensititre™ MIC Susceptibility QC Set. Thermo Fisher Scientific.Susceptibility disc testingRefPerformance Standards for Antimicrobial Disk Susceptibility Tests; Approved Standard - 9th Edition. Wayne, PA. Clinical and Laboratory Standards Institute; CLSI M2-A9.RefMethods for Antimicrobial Disk Susceptibility Testing of Bacteria Isolated from Aquatic Animals. Wayne, PA. Clinical and Laboratory Standards Institute; CLSI M42-A.RefMethods for Broth Dilution Susceptibility Testing of Bacteria Isolated from Aquatic Animals. Wayne, PA. Clinical and Laboratory Standards Institute; CLSI M49-A.Susceptibility testingRefMethods for Dilution Antimicrobial Susceptibility Tests for Bacteria that Grow Aerobically; Approved Standard - 7th Edition. Wayne, PA. Clinical and Laboratory Standards Institute; CLSI M7-A8.RefPerformance Standards for Antimicrobial Disk and Dilution Susceptibility Tests for Bacteria Isolated from Animals; Approved Standard - 2nd Edition. Wayne, PA. Clinical and Laboratory Standards Institute; CLSI M31-A3.RefPerformance Standards for Antimicrobial Susceptibility Testing; Sixteenth Informational Supplement. Wayne, PA. Clinical and Laboratory Standards Institute; CLSI M100-S20, 2007RefEvaluation of Lots of Dehydrated Mueller-Hinton Broth for Antimicrobial Susceptibility testing;  Proposed Guideline. Wayne, PA. Clinical and Laboratory Standards Institute; CLSI M32-P.RefMedical microbiology; methods for the determination of susceptibility of pathogens (except mycobacteria) to antimicrobial agents: agar diffusion test. Berlin, Germany: Deutsches Institut fur Normung; DIN 58940-3: 1989RefMedical microbiology -- Methods for the determination of susceptibility of pathogens (except mycobacteria) to antimicrobial agents-- Part 7: Determination of the minimum bactericidal concentration (MBC) with the aid of microdilution. Berlin, Germany:Deutsches Institut fur Normung;DIN DIN 58940-7: 1994, 1994RefMedical microbiology: methods for the determination of susceptibility of pathogens (except mycobacteria) to antimicrobial agents; determination of MICs by agar dilution method. Berlin, Germany:Deutsches Institut fur Normung;DIN DIN 58940-6: 1989, 1989RefMedical microbiology -- Susceptibility testing of microbial pathogens to antimicrobial agents -- Part 81: Microdilution; Special requirements for testing of non-fastidious bacteria. Berlin, Germany: Deutsches Institut fur Normung; DIN 58940-81: 2002RefClinical laboratory testing and in vitro diagnostic test systems --- Susceptibility testing of infectious agents and evaluation of performance of antimicrobial susceptibility test devices --- Part 1: Reference method for testing the in vitro activity of antimicrobial agents against rapidly growing aerobic bacteria involved in infectious diseases. London, UK:British Standards Institution;British Standard BS EN ISO 20776-1:2006.TestingRefAeromonas in Finished Water by Membrane Filtration using Ampicillin-Dextrin Agar with Vancomycin (ADA-V). Washington, DC:Environmental Protection Agency;EPA EPA Method 1605, 2001Quality control strain for Abbott, API, Autobac, BBL, bioMerieux Vitek, Micro-Media, MicroScan®, Roche Diagnostics, Sensititre products, and the Etest Metallo Beta-Lactamase (MBL) strip.",Unknown,"GenBankX65933P. aeruginosa pa-1L gene for PA-I galactophilic lectin.GenBankU07832Pseudomonas aeruginosa helicase I (helA) gene, partial cds.GenBankU64101Pseudomonas aeruginosa heat shock protein (groesEL) gene, partial cds.GenBankAB037545Pseudomonas aeruginosa gene for 16S ribosomal RNA, strain:ATCC 27853.GenBankM63957Pseudomonas aeruginosa heat shock protein (groES and groEL) genes, complete cds.GenBankU67855Pseudomonas aeruginosa UDP-3-O-acyl-GlcNAc deacetylase (lpxC) gene, complete cds.GenBankAF094719Pseudomonas aeruginosa strainATCC 2785316S ribosomal RNA gene, partial sequence.",Unknown,Unknown,Unknown,Unknown,Unknown,Unknown,Unknown
NBF,27853,Pseudomonas aeruginosa(Schroeter) Migula,Boston 41501,Preceptrol culture,No,Blood culture,Unknown,Unknown,Unknown,ATCC Medium 18: Trypticase Soy Agar/Broth,37°C,Aerobic,Open thawed vial.Aseptically transfer the entire contents to a 5-6 mL tube of #18 broth. Additional test tubes can be inoculated by transferring 0.5 mL of the primary broth tube to these secondary tubes.Use several drops of the primary broth tube to inoculate a #18 plate and/or #18 agar slant.Incubate at 37°C for 18-24 hours.,Frozen,-80°C or colder,BSL 2,https://www.atcc.org/api/product/sds?atcc_number=27853,https://www.atcc.org/products/27853,"This product is intended for laboratory research use only. It is not intended for any animal or human therapeutic use, any human or animal consumption, or any diagnostic use.",Permit required for delivery (check ATCC catalog terms),Yes,"GenBankX65933P. aeruginosa pa-1L gene for PA-I galactophilic lectin.GenBankU07832Pseudomonas aeruginosa helicase I (helA) gene, partial cds.GenBankU64101Pseudomonas aeruginosa heat shock protein (groesEL) gene, partial cds.GenBankAB037545Pseudomonas aeruginosa gene for 16S ribosomal RNA, strain:ATCC 27853.GenBankM63957Pseudomonas aeruginosa heat shock protein (groES and groEL) genes, complete cds.GenBankU67855Pseudomonas aeruginosa UDP-3-O-acyl-GlcNAc deacetylase (lpxC) gene, complete cds.GenBankAF094719Pseudomonas aeruginosa strainATCC 2785316S ribosomal RNA gene, partial sequence.",Unknown,Whole-genome Sequencing,"Two colony types may be observed. Bacteriophage may be present in the culture.To prevent the proliferation of the second colony type, avoid passing this strain through broth for transfers.  It is recommended to wash a slant with phosphate buffer and use that to inoculate further agar plates and/or agar flasks if needed.To perform antibiotic susceptibility testing, open a vial to be tested intoATCC Medium #5548broth and plates. Incubate for 18-24 hours at 37°C.  Perform a subculture using ATCC Medium #5548 agar growth onto ATCC Medium #18 agar and incubate at 37°C for 18-24 hours. After the growth period on ATCC Medium #18 has concluded, antibiotic testing can be done.Note: If an antibiotic susceptibility testing needs to be repeated, a subculture cannot be done due to possible rapid mutations of ATCC 27853. A new vial will need to be opened and the process repeated.Purified genomic DNA (ATCC 27853D-5) and a Certified Reference Material (ATCC CRM-27853)of this strain are available.Additional information on this culture is available on the ATCC®web site at www.atcc.org.",BioinformaticsFood testingMedia testingQuality controlWater testing,"Control strainFood testingOpportunistic pathogen researchEvaluation of Mueller-Hinton agarRefProtocols for Evaluating Dehydrated Mueller-Hinton Agar; Approved Standard. Wayne, PA. Clinical and Laboratory Standards Institute; CLSI M6-A2.RefUS General Services Administration Mueller Hinton Medium, dehydrated. Washington, DC:US General Services Administration;Commercial Item Description A-A-50904A, 1986Media testingRefQuality Control for Commercially Prepared Microbiological Culture Media; Approved Standard - 3rd Edition. Wayne, PA. Clinical and Laboratory Standards Institute; CLSI M22-A3.RefMicrobiology of food and animal feeding stuffs--Guidelines on preparation and production of culture media-- Part 2: Practical guidelines on performance testing of culture media.. Geneva (Switzerland):International Organization for Standardization/ANSI;ISO ISO 11133-2:2003.RefMedical microbiology-- Culture media -- Part 3: Dip slides for microbiological urine analysis. Berlin, Germany:Deutsches Institut fur Normung;DIN DIN 58942-3: 2003, 2003RefMicrobiology of food and animal feeding stuffs --- Guidelines on preparation and production of culture media --- Part 2: Practical guidelines on performance testing of culture media - Annex B: Recommended test microorganisms for commonly used culture media. London, UK:British Standards Institution;British Standard DD CEN ISO/TS 11133:2003.Quality control strainRefAPI 20 NE QC Set. bioMerieux.RefBD Phoenix Gram Negative AST NMIC/ID QC Set. BD Becton Dickinson.RefMicroScan Dried Gram Negative Panel QC Set. Beckman Coulter.RefSensititre™ Automated Gram  Positive ID QC Set. Thermo Fisher Scientific.RefSensititre™ MIC Susceptibility QC Set. Thermo Fisher Scientific.Susceptibility disc testingRefPerformance Standards for Antimicrobial Disk Susceptibility Tests; Approved Standard - 9th Edition. Wayne, PA. Clinical and Laboratory Standards Institute; CLSI M2-A9.RefMethods for Antimicrobial Disk Susceptibility Testing of Bacteria Isolated from Aquatic Animals. Wayne, PA. Clinical and Laboratory Standards Institute; CLSI M42-A.RefMethods for Broth Dilution Susceptibility Testing of Bacteria Isolated from Aquatic Animals. Wayne, PA. Clinical and Laboratory Standards Institute; CLSI M49-A.Susceptibility testingRefMethods for Dilution Antimicrobial Susceptibility Tests for Bacteria that Grow Aerobically; Approved Standard - 7th Edition. Wayne, PA. Clinical and Laboratory Standards Institute; CLSI M7-A8.RefPerformance Standards for Antimicrobial Disk and Dilution Susceptibility Tests for Bacteria Isolated from Animals; Approved Standard - 2nd Edition. Wayne, PA. Clinical and Laboratory Standards Institute; CLSI M31-A3.RefPerformance Standards for Antimicrobial Susceptibility Testing; Sixteenth Informational Supplement. Wayne, PA. Clinical and Laboratory Standards Institute; CLSI M100-S20, 2007RefEvaluation of Lots of Dehydrated Mueller-Hinton Broth for Antimicrobial Susceptibility testing;  Proposed Guideline. Wayne, PA. Clinical and Laboratory Standards Institute; CLSI M32-P.RefMedical microbiology; methods for the determination of susceptibility of pathogens (except mycobacteria) to antimicrobial agents: agar diffusion test. Berlin, Germany: Deutsches Institut fur Normung; DIN 58940-3: 1989RefMedical microbiology -- Methods for the determination of susceptibility of pathogens (except mycobacteria) to antimicrobial agents-- Part 7: Determination of the minimum bactericidal concentration (MBC) with the aid of microdilution. Berlin, Germany:Deutsches Institut fur Normung;DIN DIN 58940-7: 1994, 1994RefMedical microbiology: methods for the determination of susceptibility of pathogens (except mycobacteria) to antimicrobial agents; determination of MICs by agar dilution method. Berlin, Germany:Deutsches Institut fur Normung;DIN DIN 58940-6: 1989, 1989RefMedical microbiology -- Susceptibility testing of microbial pathogens to antimicrobial agents -- Part 81: Microdilution; Special requirements for testing of non-fastidious bacteria. Berlin, Germany: Deutsches Institut fur Normung; DIN 58940-81: 2002RefClinical laboratory testing and in vitro diagnostic test systems --- Susceptibility testing of infectious agents and evaluation of performance of antimicrobial susceptibility test devices --- Part 1: Reference method for testing the in vitro activity of antimicrobial agents against rapidly growing aerobic bacteria involved in infectious diseases. London, UK:British Standards Institution;British Standard BS EN ISO 20776-1:2006.TestingRefAeromonas in Finished Water by Membrane Filtration using Ampicillin-Dextrin Agar with Vancomycin (ADA-V). Washington, DC:Environmental Protection Agency;EPA EPA Method 1605, 2001Quality control strain for Abbott, API, Autobac, BBL, bioMerieux Vitek, Micro-Media, MicroScan®, Roche Diagnostics, Sensititre products, and the Etest Metallo Beta-Lactamase (MBL) strip.",Unknown,"GenBankX65933P. aeruginosa pa-1L gene for PA-I galactophilic lectin.GenBankU07832Pseudomonas aeruginosa helicase I (helA) gene, partial cds.GenBankU64101Pseudomonas aeruginosa heat shock protein (groesEL) gene, partial cds.GenBankAB037545Pseudomonas aeruginosa gene for 16S ribosomal RNA, strain:ATCC 27853.GenBankM63957Pseudomonas aeruginosa heat shock protein (groES and groEL) genes, complete cds.GenBankU67855Pseudomonas aeruginosa UDP-3-O-acyl-GlcNAc deacetylase (lpxC) gene, complete cds.GenBankAF094719Pseudomonas aeruginosa strainATCC 2785316S ribosomal RNA gene, partial sequence.",Unknown,Unknown,Unknown,Unknown,Unknown,Unknown,Unknown
NBF,25923,Staphylococcus aureussubsp.aureusRosenbach,Seattle 1945,Preceptrol culture,No,Clinical isolate,Unknown,Unknown,Unknown,ATCC Medium 18: Trypticase Soy Agar/Broth,37°C,Aerobic,"Open vial according to enclosed instructions.Using a single tube of #18 broth (5 to 6 mL), withdraw approximately 0.5 to 1.0 mL with a Pasteur or 1.0 mL pipette.  Rehydrate the entire pellet.Aseptically transfer this aliquot back into the broth tube.  Mix well.Use several drops of the suspension to inoculate a #18 agar slant and/or plate.Incubate the tubes and plate at 37°C for 24 hours.",Freeze-dried,2°C to 8°C,BSL 2,https://www.atcc.org/api/product/sds?atcc_number=25923,https://www.atcc.org/products/25923,"This product is intended for laboratory research use only. It is not intended for any animal or human therapeutic use, any human or animal consumption, or any diagnostic use.",Permit required for delivery (check ATCC catalog terms),Yes,"GenBankAX110511Sequence 1244 from Patent WO0123604.GenBankAX110995Sequence 1728 from Patent WO0123604.GenBankZ16422S.aureus dfrB gene for dihydrofolate reductase.GenBankU39769Staphylococcus aureus 16S-23S ribosomal RNA spacer region.GenBankU02910Staphylococcus aureusATCC 2592316S rRNA gene, partial sequence.GenBankAF053568Staphylococcus aureusATCC 25923heat shock protein 60 gene, partial cds.GenBankAB047239Staphylococcus aureus DNA, complete structure of cassette chromosome(SCC)-like element, strain:ATCC25923.",Unknown,Whole-genome Sequencing,Unknown,BioinformaticsEnteric disease researchInfectious disease researchMedia testingQuality controlWater testing,"CAMP testAssay of wood smoke concentrateControl strainControl strain for identificationEvaluation of Mueller-Hinton agarExamination of dairy productsMedia testingQuality control strainReference materialSusceptibility disc testingEnteric ResearchWater testingSusceptibility disc testing ampicillinSusceptibility disc testing caryomycinSusceptibility disc testing cephalexinSusceptibility disc testing cephaloglycinSusceptibility disc testing cephaloridine cephalomycinSusceptibility disc testing cephalothinSusceptibility disc testing chloramphenicolSusceptibility disc testing erythromycinSusceptibility disc testing gentamicins gentamicinSusceptibility disc testing kanamycinSusceptibility disc testing novobiocinSusceptibility disc testing tetracyclineSusceptibility testingCAMP test for Listeria monocytogenesQuality control strain for Abbott, and Autobac products",Unknown,"GenBankAX110511Sequence 1244 from Patent WO0123604.GenBankAX110995Sequence 1728 from Patent WO0123604.GenBankZ16422S.aureus dfrB gene for dihydrofolate reductase.GenBankU39769Staphylococcus aureus 16S-23S ribosomal RNA spacer region.GenBankU02910Staphylococcus aureusATCC 2592316S rRNA gene, partial sequence.GenBankAF053568Staphylococcus aureusATCC 25923heat shock protein 60 gene, partial cds.GenBankAB047239Staphylococcus aureus DNA, complete structure of cassette chromosome(SCC)-like element, strain:ATCC25923.",Unknown,Unknown,Unknown,Unknown,Unknown,Unknown,Unknown
NBF,25923,Staphylococcus aureussubsp.aureusRosenbach,Seattle 1945,Preceptrol culture,No,Clinical isolate,Unknown,Unknown,Unknown,ATCC Medium 18: Trypticase Soy Agar/Broth,37°C,Aerobic,"Open vial according to enclosed instructions.Using a single tube of #18 broth (5 to 6 mL), withdraw approximately 0.5 to 1.0 mL with a Pasteur or 1.0 mL pipette.  Rehydrate the entire pellet.Aseptically transfer this aliquot back into the broth tube.  Mix well.Use several drops of the suspension to inoculate a #18 agar slant and/or plate.Incubate the tubes and plate at 37°C for 24 hours.",Freeze-dried,2°C to 8°C,BSL 2,https://www.atcc.org/api/product/sds?atcc_number=25923,https://www.atcc.org/products/25923,"This product is intended for laboratory research use only. It is not intended for any animal or human therapeutic use, any human or animal consumption, or any diagnostic use.",Permit required for delivery (check ATCC catalog terms),Yes,"GenBankAX110511Sequence 1244 from Patent WO0123604.GenBankAX110995Sequence 1728 from Patent WO0123604.GenBankZ16422S.aureus dfrB gene for dihydrofolate reductase.GenBankU39769Staphylococcus aureus 16S-23S ribosomal RNA spacer region.GenBankU02910Staphylococcus aureusATCC 2592316S rRNA gene, partial sequence.GenBankAF053568Staphylococcus aureusATCC 25923heat shock protein 60 gene, partial cds.GenBankAB047239Staphylococcus aureus DNA, complete structure of cassette chromosome(SCC)-like element, strain:ATCC25923.",Unknown,Whole-genome Sequencing,Unknown,BioinformaticsEnteric disease researchInfectious disease researchMedia testingQuality controlWater testing,"CAMP testAssay of wood smoke concentrateControl strainControl strain for identificationEvaluation of Mueller-Hinton agarExamination of dairy productsMedia testingQuality control strainReference materialSusceptibility disc testingEnteric ResearchWater testingSusceptibility disc testing ampicillinSusceptibility disc testing caryomycinSusceptibility disc testing cephalexinSusceptibility disc testing cephaloglycinSusceptibility disc testing cephaloridine cephalomycinSusceptibility disc testing cephalothinSusceptibility disc testing chloramphenicolSusceptibility disc testing erythromycinSusceptibility disc testing gentamicins gentamicinSusceptibility disc testing kanamycinSusceptibility disc testing novobiocinSusceptibility disc testing tetracyclineSusceptibility testingCAMP test for Listeria monocytogenesQuality control strain for Abbott, and Autobac products",Unknown,"GenBankAX110511Sequence 1244 from Patent WO0123604.GenBankAX110995Sequence 1728 from Patent WO0123604.GenBankZ16422S.aureus dfrB gene for dihydrofolate reductase.GenBankU39769Staphylococcus aureus 16S-23S ribosomal RNA spacer region.GenBankU02910Staphylococcus aureusATCC 2592316S rRNA gene, partial sequence.GenBankAF053568Staphylococcus aureusATCC 25923heat shock protein 60 gene, partial cds.GenBankAB047239Staphylococcus aureus DNA, complete structure of cassette chromosome(SCC)-like element, strain:ATCC25923.",Unknown,Unknown,Unknown,Unknown,Unknown,Unknown,Unknown
NBF,25922,Escherichia coli(Migula) Castellani and Chalmers,"FDA strain Seattle 1946 [DSM 1103, NCIB 12210]",Preceptrol culture,No,Clinical isolate,Unknown,United States; Washington; Seattle,1967,ATCC Medium 18: Trypticase Soy Agar/Broth,37°C,Aerobic,Open thawed vial.Aseptically transfer the entire contents to a 5-6 mL tube of #18 broth. Additional test tubes can be inoculated by transferring 0.5 mL of the primary broth tube to these secondary tubes.Use several drops of the primary broth tube to inoculate a #18 plate and/or #18 agar slant.Incubate at 37°C for 24 hours.,Frozen,-80°C or colder,BSL 1,https://www.atcc.org/api/product/sds?atcc_number=25922,https://www.atcc.org/products/25922,"This product is intended for laboratory research use only. It is not intended for any animal or human therapeutic use, any human or animal consumption, or any diagnostic use.",Permit required for delivery (check ATCC catalog terms),Yes,"GenBankAX110212Sequence 945 from Patent WO0123604.GenBankAX110242Sequence 975 from Patent WO0123604.GenBankAX111547Sequence 2280 from Patent WO0123604.GenBankX80724E. coli (ATCC 25922) gene for 16S rRNA.GenBankAF038431Escherichia coli DNA gyrase A (gyrA) gene, partial cds.","O6,  Biotype 1",Whole-genome Sequencing,"ATCC 25922is a recommended reference strain for antibiotic susceptibility testing. It has been found that passage in broth often results in a change in MIC levels. Therefore, it is best to keep it on agar and to make stocks for storage immediately. Repeated passage is discouraged.Purified genomic DNA of this strain is available as ATCC 25922D-5.Additional information on this culture is available on the ATCC web site at www.atcc.org.",BioinformaticsFood testingMedia testingQuality controlWater testing,"Susceptibility disc testing cephalexinRef. .  Literature issued December 20, 1970 on Cephalothin Discs by Eli Lilly and Co., Indianapolis, IN. : .Susceptibility disc testing cephaloglycinRef. .  Literature issued December 20, 1970 on Cephalothin Discs by Eli Lilly and Co., Indianapolis, IN. : .Susceptibility disc testing kanamycinRefBoyle VJ, et al. Rapid, modified Kirby-Bauer susceptibility test with single, high-concentration antimicrobial disks.  Antimicrob. Agents Chemother. 3: 418-424, 1973.PubMed: 4790600Susceptibility disc testing cephaloridine cephalomycinRefPerformance Standards for Antimicrobial Disk and Dilution Susceptibility Tests for Bacteria Isolated from Animals; Approved Standard - 2nd Edition. Wayne, PA. Clinical and Laboratory Standards Institute; CLSI M31-A3.Ref. .  Literature issued December 20, 1970 on Cephalothin Discs by Eli Lilly and Co., Indianapolis, IN. : .Food testingControl CultureRefIdentification of Foodborne Bacterial Pathogens by Gene Probes: Enterotoxigenic Escherichia coli: Heat-Stable Enterotoxin (Human), Heat-Stable Enterotoxin (Porcine), and Heat-Labile Enterotoxin. Washington, DC:US Food & Drug Administration;Bacteriological Analytical Manual Online Chapt. 24, 2001RefFecal Coliforms in Sewage Sludge (Biosolids) by Multiple-Tube Fermenatation using A-1 medium. Washington, DC:Environmental Protection Agency;EPA EPA Method 1681, 2005RefSalmonella in Sewage Sludge (Biosolids) by Modified Semisolid Rappaport-Vassiliadis (MSRV) Medium. Washington, DC:Environmental Protection Agency;EPA EPA Method 1682, 2005Control strainRefMethodology for the Serum Bactericidal test: Approved Guideline. Wayne, PA. Clinical and Laboratory Standards Institute; CLSI M21-A.RefMethods for Determining Bactericidal Activity of Antimicrobial Agents; Approved Guideline. Wayne, PA. Clinical and Laboratory Standards Institute; CLSI M26-A.RefProcedures for the Recovery and Identification of Parasites from the Intestinal Tract: Approved Guideline - 2nd Edition. Wayne, PA. Clinical and Laboratory Standards Institute; CLSI M28-A2.Evaluation of Mueller-Hinton agarRefProtocols for Evaluating Dehydrated Mueller-Hinton Agar; Approved Standard. Wayne, PA. Clinical and Laboratory Standards Institute; CLSI M6-A2.RefUS General Services Administration Mueller Hinton Medium, dehydrated. Washington, DC:US General Services Administration;Commercial Item Description A-A-50904A, 1986Media testingRefQuality Control for Commercially Prepared Microbiological Culture Media; Approved Standard - 3rd Edition. Wayne, PA. Clinical and Laboratory Standards Institute; CLSI M22-A3.RefFood microbiology. Method 12.3: Microbiology of food and animal feeding stuffs -- Horizontal method for the enumeration of coagulase-positive staphylococci (Staphyloccus aureus and other species)--Detection and MPN technique for low numbers. Sydney, NSW, Australia:Standards Australia;Standards Australia AS 5013.12.3:2004.RefMicrobiology of food and animal feeding stuffs--Guidelines on preparation and production of culture media-- Part 2: Practical guidelines on performance testing of culture media.. Geneva (Switzerland):International Organization for Standardization/ANSI;ISO ISO 11133-2:2003.RefMedical microbiology-- Culture media -- Part 3: Dip slides for microbiological urine analysis. Berlin, Germany:Deutsches Institut fur Normung;DIN DIN 58942-3: 2003, 2003RefMicrobiology of food and animal feeding stuffs --- Horizontal method for the detection and enumeration of Listeria monocytogenes --- Part 1: Detection method, Annex B [BS 5763-18:1997]. London, UK:British Standards Institution;British Standard BS EN ISO 11290-1:1997.RefMicrobiology of food and animal feeding stuffs --- Horizontal method for the enumeration of beta-glucuronidase-positive Escherichia coli -- Part 3: Most probable number techniques using 5-bromo-4-chloro-3-indolyl-beta-D-glucuronide. London, UK:British Standards Institution;British Standard DD ISO/TS 16649-3:2005.RefMicrobiology of food and animal feeding stuffs --- Guidelines on preparation and production of culture media --- Part 2: Practical guidelines on performance testing of culture media - Annex B: Recommended test microorganisms for commonly used culture media. London, UK:British Standards Institution;British Standard DD CEN ISO/TS 11133:2003.Quality controlRefQuality Control of Microbiological Transport Systems; Approved Standard. Wayne, PA. Clinical and Laboratory Standards Institute; CLSI M40-A.Quality control strainRefAPI 20E QC Set. bioMerieux.RefBD Crystal E/NF QC Set. BD Becton Dickinson.RefBD Phoenix Gram Negative AST NMIC/ID QC Set. BD Becton Dickinson.RefMicroScan Dried Gram Negative Panel QC Set. Beckman Coulter.RefSensititre™ Automated Gram  Positive ID QC Set. Thermo Fisher Scientific.RefSensititre™ MIC Susceptibility QC Set. Thermo Fisher Scientific.RefSensititre™ Aquaculture MIC Susceptibility QC Set. Thermo Fisher Scientific.Susceptibility disc testingRefPerformance Standards for Antimicrobial Disk Susceptibility Tests; Approved Standard - 9th Edition. Wayne, PA. Clinical and Laboratory Standards Institute; CLSI M2-A9.RefMethods for Antimicrobial Disk Susceptibility Testing of Bacteria Isolated from Aquatic Animals. Wayne, PA. Clinical and Laboratory Standards Institute; CLSI M42-A.RefMethods for Antimicrobial Dilution and Disk susceptibility Testing of Infrequently Isolated or Fastidious Bacteria: Proposed Guideline. Wayne, PA. Clinical and Laboratory Standards Institute; CLSI M45-A.RefMethods for Broth Dilution Susceptibility Testing of Bacteria Isolated from Aquatic Animals. Wayne, PA. Clinical and Laboratory Standards Institute; CLSI M49-A.Susceptibility disc testing cephalothinRef. .  Literature issued December 20, 1970 on Cephalothin Discs by Eli Lilly and Co., Indianapolis, IN. : .Susceptibility disc testing chloramphenicolRefBoyle VJ, et al. Rapid, modified Kirby-Bauer susceptibility test with single, high-concentration antimicrobial disks.  Antimicrob. Agents Chemother. 3: 418-424, 1973.PubMed: 4790600Susceptibility disc testing colistin colimycinRefBoyle VJ, et al. Rapid, modified Kirby-Bauer susceptibility test with single, high-concentration antimicrobial disks.  Antimicrob. Agents Chemother. 3: 418-424, 1973.PubMed: 4790600Susceptibility disc testing gentamicins gentamicinRefBoyle VJ, et al. Rapid, modified Kirby-Bauer susceptibility test with single, high-concentration antimicrobial disks.  Antimicrob. Agents Chemother. 3: 418-424, 1973.PubMed: 4790600Susceptibility disc testing nalidixic acidRefBoyle VJ, et al. Rapid, modified Kirby-Bauer susceptibility test with single, high-concentration antimicrobial disks.  Antimicrob. Agents Chemother. 3: 418-424, 1973.PubMed: 4790600Susceptibility disc testing neomycinRefBoyle VJ, et al. Rapid, modified Kirby-Bauer susceptibility test with single, high-concentration antimicrobial disks.  Antimicrob. Agents Chemother. 3: 418-424, 1973.PubMed: 4790600Susceptibility disc testing tetracyclineRefBoyle VJ, et al. Rapid, modified Kirby-Bauer susceptibility test with single, high-concentration antimicrobial disks.  Antimicrob. Agents Chemother. 3: 418-424, 1973.PubMed: 4790600Susceptibility testingRefMethods for Dilution Antimicrobial Susceptibility Tests for Bacteria that Grow Aerobically; Approved Standard - 7th Edition. Wayne, PA. Clinical and Laboratory Standards Institute; CLSI M7-A8.RefMethods for Antimicrobial Susceptibility Testing of Anaerobic Bacteria. Wayne, PA. Clinical and Laboratory Standards Institute; CLSI M11-A7.RefPerformance Standards for Antimicrobial Disk and Dilution Susceptibility Tests for Bacteria Isolated from Animals; Approved Standard - 2nd Edition. Wayne, PA. Clinical and Laboratory Standards Institute; CLSI M31-A3.RefPerformance Standards for Antimicrobial Susceptibility Testing; Sixteenth Informational Supplement. Wayne, PA. Clinical and Laboratory Standards Institute; CLSI M100-S20, 2007RefEvaluation of Lots of Dehydrated Mueller-Hinton Broth for Antimicrobial Susceptibility testing;  Proposed Guideline. Wayne, PA. Clinical and Laboratory Standards Institute; CLSI M32-P.RefMedical microbiology; methods for the determination of susceptibility of pathogens (except mycobacteria) to antimicrobial agents: agar diffusion test. Berlin, Germany: Deutsches Institut fur Normung; DIN 58940-3: 1989RefMedical microbiology -- Methods for the determination of susceptibility of pathogens (except mycobacteria) to antimicrobial agents-- Part 7: Determination of the minimum bactericidal concentration (MBC) with the aid of microdilution. Berlin, Germany:Deutsches Institut fur Normung;DIN DIN 58940-7: 1994, 1994RefMedical microbiology: methods for the determination of susceptibility of pathogens (except mycobacteria) to antimicrobial agents; determination of MICs by agar dilution method. Berlin, Germany:Deutsches Institut fur Normung;DIN DIN 58940-6: 1989, 1989RefMedical microbiology -- Susceptibility testing of microbial pathogens to antimicrobial agents -- Part 81: Microdilution; Special requirements for testing of non-fastidious bacteria. Berlin, Germany: Deutsches Institut fur Normung; DIN 58940-81: 2002RefClinical laboratory testing and in vitro diagnostic test systems --- Susceptibility testing of infectious agents and evaluation of performance of antimicrobial susceptibility test devices --- Part 1: Reference method for testing the in vitro activity of antimicrobial agents against rapidly growing aerobic bacteria involved in infectious diseases. London, UK:British Standards Institution;British Standard BS EN ISO 20776-1:2006.TestingRefAeromonas in Finished Water by Membrane Filtration using Ampicillin-Dextrin Agar with Vancomycin (ADA-V). Washington, DC:Environmental Protection Agency;EPA EPA Method 1605, 2001Quality control strain for Abbott, API, Autobac, BBL, bioMerieux VITEK, Biosynth, Difco, IDS, Micro-Media, MicroScan®, Roche Diagnostics, and Sensititre products.Recommended as a test microorganism for ASTM E2149; Standard Test Method for Determining the Antimicrobial Activity of Antimicrobial Agents Under Dynamic Contact Conditions",Unknown,"GenBankAX110212Sequence 945 from Patent WO0123604.GenBankAX110242Sequence 975 from Patent WO0123604.GenBankAX111547Sequence 2280 from Patent WO0123604.GenBankX80724E. coli (ATCC 25922) gene for 16S rRNA.GenBankAF038431Escherichia coli DNA gyrase A (gyrA) gene, partial cds.","7,291,480",Unknown,Unknown,Unknown,Unknown,Unknown,Unknown
NBF,25922,Escherichia coli(Migula) Castellani and Chalmers,"FDA strain Seattle 1946 [DSM 1103, NCIB 12210]",Preceptrol culture,No,Clinical isolate,Unknown,United States; Washington; Seattle,1967,ATCC Medium 18: Trypticase Soy Agar/Broth,37°C,Aerobic,Open thawed vial.Aseptically transfer the entire contents to a 5-6 mL tube of #18 broth. Additional test tubes can be inoculated by transferring 0.5 mL of the primary broth tube to these secondary tubes.Use several drops of the primary broth tube to inoculate a #18 plate and/or #18 agar slant.Incubate at 37°C for 24 hours.,Frozen,-80°C or colder,BSL 1,https://www.atcc.org/api/product/sds?atcc_number=25922,https://www.atcc.org/products/25922,"This product is intended for laboratory research use only. It is not intended for any animal or human therapeutic use, any human or animal consumption, or any diagnostic use.",Permit required for delivery (check ATCC catalog terms),Yes,"GenBankAX110212Sequence 945 from Patent WO0123604.GenBankAX110242Sequence 975 from Patent WO0123604.GenBankAX111547Sequence 2280 from Patent WO0123604.GenBankX80724E. coli (ATCC 25922) gene for 16S rRNA.GenBankAF038431Escherichia coli DNA gyrase A (gyrA) gene, partial cds.","O6,  Biotype 1",Whole-genome Sequencing,"ATCC 25922is a recommended reference strain for antibiotic susceptibility testing. It has been found that passage in broth often results in a change in MIC levels. Therefore, it is best to keep it on agar and to make stocks for storage immediately. Repeated passage is discouraged.Purified genomic DNA of this strain is available as ATCC 25922D-5.Additional information on this culture is available on the ATCC web site at www.atcc.org.",BioinformaticsFood testingMedia testingQuality controlWater testing,"Susceptibility disc testing cephalexinRef. .  Literature issued December 20, 1970 on Cephalothin Discs by Eli Lilly and Co., Indianapolis, IN. : .Susceptibility disc testing cephaloglycinRef. .  Literature issued December 20, 1970 on Cephalothin Discs by Eli Lilly and Co., Indianapolis, IN. : .Susceptibility disc testing kanamycinRefBoyle VJ, et al. Rapid, modified Kirby-Bauer susceptibility test with single, high-concentration antimicrobial disks.  Antimicrob. Agents Chemother. 3: 418-424, 1973.PubMed: 4790600Susceptibility disc testing cephaloridine cephalomycinRefPerformance Standards for Antimicrobial Disk and Dilution Susceptibility Tests for Bacteria Isolated from Animals; Approved Standard - 2nd Edition. Wayne, PA. Clinical and Laboratory Standards Institute; CLSI M31-A3.Ref. .  Literature issued December 20, 1970 on Cephalothin Discs by Eli Lilly and Co., Indianapolis, IN. : .Food testingControl CultureRefIdentification of Foodborne Bacterial Pathogens by Gene Probes: Enterotoxigenic Escherichia coli: Heat-Stable Enterotoxin (Human), Heat-Stable Enterotoxin (Porcine), and Heat-Labile Enterotoxin. Washington, DC:US Food & Drug Administration;Bacteriological Analytical Manual Online Chapt. 24, 2001RefFecal Coliforms in Sewage Sludge (Biosolids) by Multiple-Tube Fermenatation using A-1 medium. Washington, DC:Environmental Protection Agency;EPA EPA Method 1681, 2005RefSalmonella in Sewage Sludge (Biosolids) by Modified Semisolid Rappaport-Vassiliadis (MSRV) Medium. Washington, DC:Environmental Protection Agency;EPA EPA Method 1682, 2005Control strainRefMethodology for the Serum Bactericidal test: Approved Guideline. Wayne, PA. Clinical and Laboratory Standards Institute; CLSI M21-A.RefMethods for Determining Bactericidal Activity of Antimicrobial Agents; Approved Guideline. Wayne, PA. Clinical and Laboratory Standards Institute; CLSI M26-A.RefProcedures for the Recovery and Identification of Parasites from the Intestinal Tract: Approved Guideline - 2nd Edition. Wayne, PA. Clinical and Laboratory Standards Institute; CLSI M28-A2.Evaluation of Mueller-Hinton agarRefProtocols for Evaluating Dehydrated Mueller-Hinton Agar; Approved Standard. Wayne, PA. Clinical and Laboratory Standards Institute; CLSI M6-A2.RefUS General Services Administration Mueller Hinton Medium, dehydrated. Washington, DC:US General Services Administration;Commercial Item Description A-A-50904A, 1986Media testingRefQuality Control for Commercially Prepared Microbiological Culture Media; Approved Standard - 3rd Edition. Wayne, PA. Clinical and Laboratory Standards Institute; CLSI M22-A3.RefFood microbiology. Method 12.3: Microbiology of food and animal feeding stuffs -- Horizontal method for the enumeration of coagulase-positive staphylococci (Staphyloccus aureus and other species)--Detection and MPN technique for low numbers. Sydney, NSW, Australia:Standards Australia;Standards Australia AS 5013.12.3:2004.RefMicrobiology of food and animal feeding stuffs--Guidelines on preparation and production of culture media-- Part 2: Practical guidelines on performance testing of culture media.. Geneva (Switzerland):International Organization for Standardization/ANSI;ISO ISO 11133-2:2003.RefMedical microbiology-- Culture media -- Part 3: Dip slides for microbiological urine analysis. Berlin, Germany:Deutsches Institut fur Normung;DIN DIN 58942-3: 2003, 2003RefMicrobiology of food and animal feeding stuffs --- Horizontal method for the detection and enumeration of Listeria monocytogenes --- Part 1: Detection method, Annex B [BS 5763-18:1997]. London, UK:British Standards Institution;British Standard BS EN ISO 11290-1:1997.RefMicrobiology of food and animal feeding stuffs --- Horizontal method for the enumeration of beta-glucuronidase-positive Escherichia coli -- Part 3: Most probable number techniques using 5-bromo-4-chloro-3-indolyl-beta-D-glucuronide. London, UK:British Standards Institution;British Standard DD ISO/TS 16649-3:2005.RefMicrobiology of food and animal feeding stuffs --- Guidelines on preparation and production of culture media --- Part 2: Practical guidelines on performance testing of culture media - Annex B: Recommended test microorganisms for commonly used culture media. London, UK:British Standards Institution;British Standard DD CEN ISO/TS 11133:2003.Quality controlRefQuality Control of Microbiological Transport Systems; Approved Standard. Wayne, PA. Clinical and Laboratory Standards Institute; CLSI M40-A.Quality control strainRefAPI 20E QC Set. bioMerieux.RefBD Crystal E/NF QC Set. BD Becton Dickinson.RefBD Phoenix Gram Negative AST NMIC/ID QC Set. BD Becton Dickinson.RefMicroScan Dried Gram Negative Panel QC Set. Beckman Coulter.RefSensititre™ Automated Gram  Positive ID QC Set. Thermo Fisher Scientific.RefSensititre™ MIC Susceptibility QC Set. Thermo Fisher Scientific.RefSensititre™ Aquaculture MIC Susceptibility QC Set. Thermo Fisher Scientific.Susceptibility disc testingRefPerformance Standards for Antimicrobial Disk Susceptibility Tests; Approved Standard - 9th Edition. Wayne, PA. Clinical and Laboratory Standards Institute; CLSI M2-A9.RefMethods for Antimicrobial Disk Susceptibility Testing of Bacteria Isolated from Aquatic Animals. Wayne, PA. Clinical and Laboratory Standards Institute; CLSI M42-A.RefMethods for Antimicrobial Dilution and Disk susceptibility Testing of Infrequently Isolated or Fastidious Bacteria: Proposed Guideline. Wayne, PA. Clinical and Laboratory Standards Institute; CLSI M45-A.RefMethods for Broth Dilution Susceptibility Testing of Bacteria Isolated from Aquatic Animals. Wayne, PA. Clinical and Laboratory Standards Institute; CLSI M49-A.Susceptibility disc testing cephalothinRef. .  Literature issued December 20, 1970 on Cephalothin Discs by Eli Lilly and Co., Indianapolis, IN. : .Susceptibility disc testing chloramphenicolRefBoyle VJ, et al. Rapid, modified Kirby-Bauer susceptibility test with single, high-concentration antimicrobial disks.  Antimicrob. Agents Chemother. 3: 418-424, 1973.PubMed: 4790600Susceptibility disc testing colistin colimycinRefBoyle VJ, et al. Rapid, modified Kirby-Bauer susceptibility test with single, high-concentration antimicrobial disks.  Antimicrob. Agents Chemother. 3: 418-424, 1973.PubMed: 4790600Susceptibility disc testing gentamicins gentamicinRefBoyle VJ, et al. Rapid, modified Kirby-Bauer susceptibility test with single, high-concentration antimicrobial disks.  Antimicrob. Agents Chemother. 3: 418-424, 1973.PubMed: 4790600Susceptibility disc testing nalidixic acidRefBoyle VJ, et al. Rapid, modified Kirby-Bauer susceptibility test with single, high-concentration antimicrobial disks.  Antimicrob. Agents Chemother. 3: 418-424, 1973.PubMed: 4790600Susceptibility disc testing neomycinRefBoyle VJ, et al. Rapid, modified Kirby-Bauer susceptibility test with single, high-concentration antimicrobial disks.  Antimicrob. Agents Chemother. 3: 418-424, 1973.PubMed: 4790600Susceptibility disc testing tetracyclineRefBoyle VJ, et al. Rapid, modified Kirby-Bauer susceptibility test with single, high-concentration antimicrobial disks.  Antimicrob. Agents Chemother. 3: 418-424, 1973.PubMed: 4790600Susceptibility testingRefMethods for Dilution Antimicrobial Susceptibility Tests for Bacteria that Grow Aerobically; Approved Standard - 7th Edition. Wayne, PA. Clinical and Laboratory Standards Institute; CLSI M7-A8.RefMethods for Antimicrobial Susceptibility Testing of Anaerobic Bacteria. Wayne, PA. Clinical and Laboratory Standards Institute; CLSI M11-A7.RefPerformance Standards for Antimicrobial Disk and Dilution Susceptibility Tests for Bacteria Isolated from Animals; Approved Standard - 2nd Edition. Wayne, PA. Clinical and Laboratory Standards Institute; CLSI M31-A3.RefPerformance Standards for Antimicrobial Susceptibility Testing; Sixteenth Informational Supplement. Wayne, PA. Clinical and Laboratory Standards Institute; CLSI M100-S20, 2007RefEvaluation of Lots of Dehydrated Mueller-Hinton Broth for Antimicrobial Susceptibility testing;  Proposed Guideline. Wayne, PA. Clinical and Laboratory Standards Institute; CLSI M32-P.RefMedical microbiology; methods for the determination of susceptibility of pathogens (except mycobacteria) to antimicrobial agents: agar diffusion test. Berlin, Germany: Deutsches Institut fur Normung; DIN 58940-3: 1989RefMedical microbiology -- Methods for the determination of susceptibility of pathogens (except mycobacteria) to antimicrobial agents-- Part 7: Determination of the minimum bactericidal concentration (MBC) with the aid of microdilution. Berlin, Germany:Deutsches Institut fur Normung;DIN DIN 58940-7: 1994, 1994RefMedical microbiology: methods for the determination of susceptibility of pathogens (except mycobacteria) to antimicrobial agents; determination of MICs by agar dilution method. Berlin, Germany:Deutsches Institut fur Normung;DIN DIN 58940-6: 1989, 1989RefMedical microbiology -- Susceptibility testing of microbial pathogens to antimicrobial agents -- Part 81: Microdilution; Special requirements for testing of non-fastidious bacteria. Berlin, Germany: Deutsches Institut fur Normung; DIN 58940-81: 2002RefClinical laboratory testing and in vitro diagnostic test systems --- Susceptibility testing of infectious agents and evaluation of performance of antimicrobial susceptibility test devices --- Part 1: Reference method for testing the in vitro activity of antimicrobial agents against rapidly growing aerobic bacteria involved in infectious diseases. London, UK:British Standards Institution;British Standard BS EN ISO 20776-1:2006.TestingRefAeromonas in Finished Water by Membrane Filtration using Ampicillin-Dextrin Agar with Vancomycin (ADA-V). Washington, DC:Environmental Protection Agency;EPA EPA Method 1605, 2001Quality control strain for Abbott, API, Autobac, BBL, bioMerieux VITEK, Biosynth, Difco, IDS, Micro-Media, MicroScan®, Roche Diagnostics, and Sensititre products.Recommended as a test microorganism for ASTM E2149; Standard Test Method for Determining the Antimicrobial Activity of Antimicrobial Agents Under Dynamic Contact Conditions",Unknown,"GenBankAX110212Sequence 945 from Patent WO0123604.GenBankAX110242Sequence 975 from Patent WO0123604.GenBankAX111547Sequence 2280 from Patent WO0123604.GenBankX80724E. coli (ATCC 25922) gene for 16S rRNA.GenBankAF038431Escherichia coli DNA gyrase A (gyrA) gene, partial cds.","7,291,480",Unknown,Unknown,Unknown,Unknown,Unknown,Unknown
NBF,25923,Staphylococcus aureussubsp.aureusRosenbach,Seattle 1945,Preceptrol culture,No,Clinical isolate,Unknown,Unknown,Unknown,ATCC Medium 18: Trypticase Soy Agar/Broth,37°C,Aerobic,"Open vial according to enclosed instructions.Using a single tube of #18 broth (5 to 6 mL), withdraw approximately 0.5 to 1.0 mL with a Pasteur or 1.0 mL pipette.  Rehydrate the entire pellet.Aseptically transfer this aliquot back into the broth tube.  Mix well.Use several drops of the suspension to inoculate a #18 agar slant and/or plate.Incubate the tubes and plate at 37°C for 24 hours.",Freeze-dried,2°C to 8°C,BSL 2,https://www.atcc.org/api/product/sds?atcc_number=25923,https://www.atcc.org/products/25923,"This product is intended for laboratory research use only. It is not intended for any animal or human therapeutic use, any human or animal consumption, or any diagnostic use.",Permit required for delivery (check ATCC catalog terms),Yes,"GenBankAX110511Sequence 1244 from Patent WO0123604.GenBankAX110995Sequence 1728 from Patent WO0123604.GenBankZ16422S.aureus dfrB gene for dihydrofolate reductase.GenBankU39769Staphylococcus aureus 16S-23S ribosomal RNA spacer region.GenBankU02910Staphylococcus aureusATCC 2592316S rRNA gene, partial sequence.GenBankAF053568Staphylococcus aureusATCC 25923heat shock protein 60 gene, partial cds.GenBankAB047239Staphylococcus aureus DNA, complete structure of cassette chromosome(SCC)-like element, strain:ATCC25923.",Unknown,Whole-genome Sequencing,Unknown,BioinformaticsEnteric disease researchInfectious disease researchMedia testingQuality controlWater testing,"CAMP testAssay of wood smoke concentrateControl strainControl strain for identificationEvaluation of Mueller-Hinton agarExamination of dairy productsMedia testingQuality control strainReference materialSusceptibility disc testingEnteric ResearchWater testingSusceptibility disc testing ampicillinSusceptibility disc testing caryomycinSusceptibility disc testing cephalexinSusceptibility disc testing cephaloglycinSusceptibility disc testing cephaloridine cephalomycinSusceptibility disc testing cephalothinSusceptibility disc testing chloramphenicolSusceptibility disc testing erythromycinSusceptibility disc testing gentamicins gentamicinSusceptibility disc testing kanamycinSusceptibility disc testing novobiocinSusceptibility disc testing tetracyclineSusceptibility testingCAMP test for Listeria monocytogenesQuality control strain for Abbott, and Autobac products",Unknown,"GenBankAX110511Sequence 1244 from Patent WO0123604.GenBankAX110995Sequence 1728 from Patent WO0123604.GenBankZ16422S.aureus dfrB gene for dihydrofolate reductase.GenBankU39769Staphylococcus aureus 16S-23S ribosomal RNA spacer region.GenBankU02910Staphylococcus aureusATCC 2592316S rRNA gene, partial sequence.GenBankAF053568Staphylococcus aureusATCC 25923heat shock protein 60 gene, partial cds.GenBankAB047239Staphylococcus aureus DNA, complete structure of cassette chromosome(SCC)-like element, strain:ATCC25923.",Unknown,Unknown,Unknown,Unknown,Unknown,Unknown,Unknown
NBF,25923,Staphylococcus aureussubsp.aureusRosenbach,Seattle 1945,Preceptrol culture,No,Clinical isolate,Unknown,Unknown,Unknown,ATCC Medium 18: Trypticase Soy Agar/Broth,37°C,Aerobic,"Open vial according to enclosed instructions.Using a single tube of #18 broth (5 to 6 mL), withdraw approximately 0.5 to 1.0 mL with a Pasteur or 1.0 mL pipette.  Rehydrate the entire pellet.Aseptically transfer this aliquot back into the broth tube.  Mix well.Use several drops of the suspension to inoculate a #18 agar slant and/or plate.Incubate the tubes and plate at 37°C for 24 hours.",Freeze-dried,2°C to 8°C,BSL 2,https://www.atcc.org/api/product/sds?atcc_number=25923,https://www.atcc.org/products/25923,"This product is intended for laboratory research use only. It is not intended for any animal or human therapeutic use, any human or animal consumption, or any diagnostic use.",Permit required for delivery (check ATCC catalog terms),Yes,"GenBankAX110511Sequence 1244 from Patent WO0123604.GenBankAX110995Sequence 1728 from Patent WO0123604.GenBankZ16422S.aureus dfrB gene for dihydrofolate reductase.GenBankU39769Staphylococcus aureus 16S-23S ribosomal RNA spacer region.GenBankU02910Staphylococcus aureusATCC 2592316S rRNA gene, partial sequence.GenBankAF053568Staphylococcus aureusATCC 25923heat shock protein 60 gene, partial cds.GenBankAB047239Staphylococcus aureus DNA, complete structure of cassette chromosome(SCC)-like element, strain:ATCC25923.",Unknown,Whole-genome Sequencing,Unknown,BioinformaticsEnteric disease researchInfectious disease researchMedia testingQuality controlWater testing,"CAMP testAssay of wood smoke concentrateControl strainControl strain for identificationEvaluation of Mueller-Hinton agarExamination of dairy productsMedia testingQuality control strainReference materialSusceptibility disc testingEnteric ResearchWater testingSusceptibility disc testing ampicillinSusceptibility disc testing caryomycinSusceptibility disc testing cephalexinSusceptibility disc testing cephaloglycinSusceptibility disc testing cephaloridine cephalomycinSusceptibility disc testing cephalothinSusceptibility disc testing chloramphenicolSusceptibility disc testing erythromycinSusceptibility disc testing gentamicins gentamicinSusceptibility disc testing kanamycinSusceptibility disc testing novobiocinSusceptibility disc testing tetracyclineSusceptibility testingCAMP test for Listeria monocytogenesQuality control strain for Abbott, and Autobac products",Unknown,"GenBankAX110511Sequence 1244 from Patent WO0123604.GenBankAX110995Sequence 1728 from Patent WO0123604.GenBankZ16422S.aureus dfrB gene for dihydrofolate reductase.GenBankU39769Staphylococcus aureus 16S-23S ribosomal RNA spacer region.GenBankU02910Staphylococcus aureusATCC 2592316S rRNA gene, partial sequence.GenBankAF053568Staphylococcus aureusATCC 25923heat shock protein 60 gene, partial cds.GenBankAB047239Staphylococcus aureus DNA, complete structure of cassette chromosome(SCC)-like element, strain:ATCC25923.",Unknown,Unknown,Unknown,Unknown,Unknown,Unknown,Unknown
NBF,25923,Staphylococcus aureussubsp.aureusRosenbach,Seattle 1945,Preceptrol culture,No,Clinical isolate,Unknown,Unknown,Unknown,ATCC Medium 18: Trypticase Soy Agar/Broth,37°C,Aerobic,"Open vial according to enclosed instructions.Using a single tube of #18 broth (5 to 6 mL), withdraw approximately 0.5 to 1.0 mL with a Pasteur or 1.0 mL pipette.  Rehydrate the entire pellet.Aseptically transfer this aliquot back into the broth tube.  Mix well.Use several drops of the suspension to inoculate a #18 agar slant and/or plate.Incubate the tubes and plate at 37°C for 24 hours.",Freeze-dried,2°C to 8°C,BSL 2,https://www.atcc.org/api/product/sds?atcc_number=25923,https://www.atcc.org/products/25923,"This product is intended for laboratory research use only. It is not intended for any animal or human therapeutic use, any human or animal consumption, or any diagnostic use.",Permit required for delivery (check ATCC catalog terms),Yes,"GenBankAX110511Sequence 1244 from Patent WO0123604.GenBankAX110995Sequence 1728 from Patent WO0123604.GenBankZ16422S.aureus dfrB gene for dihydrofolate reductase.GenBankU39769Staphylococcus aureus 16S-23S ribosomal RNA spacer region.GenBankU02910Staphylococcus aureusATCC 2592316S rRNA gene, partial sequence.GenBankAF053568Staphylococcus aureusATCC 25923heat shock protein 60 gene, partial cds.GenBankAB047239Staphylococcus aureus DNA, complete structure of cassette chromosome(SCC)-like element, strain:ATCC25923.",Unknown,Whole-genome Sequencing,Unknown,BioinformaticsEnteric disease researchInfectious disease researchMedia testingQuality controlWater testing,"CAMP testAssay of wood smoke concentrateControl strainControl strain for identificationEvaluation of Mueller-Hinton agarExamination of dairy productsMedia testingQuality control strainReference materialSusceptibility disc testingEnteric ResearchWater testingSusceptibility disc testing ampicillinSusceptibility disc testing caryomycinSusceptibility disc testing cephalexinSusceptibility disc testing cephaloglycinSusceptibility disc testing cephaloridine cephalomycinSusceptibility disc testing cephalothinSusceptibility disc testing chloramphenicolSusceptibility disc testing erythromycinSusceptibility disc testing gentamicins gentamicinSusceptibility disc testing kanamycinSusceptibility disc testing novobiocinSusceptibility disc testing tetracyclineSusceptibility testingCAMP test for Listeria monocytogenesQuality control strain for Abbott, and Autobac products",Unknown,"GenBankAX110511Sequence 1244 from Patent WO0123604.GenBankAX110995Sequence 1728 from Patent WO0123604.GenBankZ16422S.aureus dfrB gene for dihydrofolate reductase.GenBankU39769Staphylococcus aureus 16S-23S ribosomal RNA spacer region.GenBankU02910Staphylococcus aureusATCC 2592316S rRNA gene, partial sequence.GenBankAF053568Staphylococcus aureusATCC 25923heat shock protein 60 gene, partial cds.GenBankAB047239Staphylococcus aureus DNA, complete structure of cassette chromosome(SCC)-like element, strain:ATCC25923.",Unknown,Unknown,Unknown,Unknown,Unknown,Unknown,Unknown
NBF,25923,Staphylococcus aureussubsp.aureusRosenbach,Seattle 1945,Preceptrol culture,No,Clinical isolate,Unknown,Unknown,Unknown,ATCC Medium 18: Trypticase Soy Agar/Broth,37°C,Aerobic,"Open vial according to enclosed instructions.Using a single tube of #18 broth (5 to 6 mL), withdraw approximately 0.5 to 1.0 mL with a Pasteur or 1.0 mL pipette.  Rehydrate the entire pellet.Aseptically transfer this aliquot back into the broth tube.  Mix well.Use several drops of the suspension to inoculate a #18 agar slant and/or plate.Incubate the tubes and plate at 37°C for 24 hours.",Freeze-dried,2°C to 8°C,BSL 2,https://www.atcc.org/api/product/sds?atcc_number=25923,https://www.atcc.org/products/25923,"This product is intended for laboratory research use only. It is not intended for any animal or human therapeutic use, any human or animal consumption, or any diagnostic use.",Permit required for delivery (check ATCC catalog terms),Yes,"GenBankAX110511Sequence 1244 from Patent WO0123604.GenBankAX110995Sequence 1728 from Patent WO0123604.GenBankZ16422S.aureus dfrB gene for dihydrofolate reductase.GenBankU39769Staphylococcus aureus 16S-23S ribosomal RNA spacer region.GenBankU02910Staphylococcus aureusATCC 2592316S rRNA gene, partial sequence.GenBankAF053568Staphylococcus aureusATCC 25923heat shock protein 60 gene, partial cds.GenBankAB047239Staphylococcus aureus DNA, complete structure of cassette chromosome(SCC)-like element, strain:ATCC25923.",Unknown,Whole-genome Sequencing,Unknown,BioinformaticsEnteric disease researchInfectious disease researchMedia testingQuality controlWater testing,"CAMP testAssay of wood smoke concentrateControl strainControl strain for identificationEvaluation of Mueller-Hinton agarExamination of dairy productsMedia testingQuality control strainReference materialSusceptibility disc testingEnteric ResearchWater testingSusceptibility disc testing ampicillinSusceptibility disc testing caryomycinSusceptibility disc testing cephalexinSusceptibility disc testing cephaloglycinSusceptibility disc testing cephaloridine cephalomycinSusceptibility disc testing cephalothinSusceptibility disc testing chloramphenicolSusceptibility disc testing erythromycinSusceptibility disc testing gentamicins gentamicinSusceptibility disc testing kanamycinSusceptibility disc testing novobiocinSusceptibility disc testing tetracyclineSusceptibility testingCAMP test for Listeria monocytogenesQuality control strain for Abbott, and Autobac products",Unknown,"GenBankAX110511Sequence 1244 from Patent WO0123604.GenBankAX110995Sequence 1728 from Patent WO0123604.GenBankZ16422S.aureus dfrB gene for dihydrofolate reductase.GenBankU39769Staphylococcus aureus 16S-23S ribosomal RNA spacer region.GenBankU02910Staphylococcus aureusATCC 2592316S rRNA gene, partial sequence.GenBankAF053568Staphylococcus aureusATCC 25923heat shock protein 60 gene, partial cds.GenBankAB047239Staphylococcus aureus DNA, complete structure of cassette chromosome(SCC)-like element, strain:ATCC25923.",Unknown,Unknown,Unknown,Unknown,Unknown,Unknown,Unknown
NBF,Unknown,Unknown,Unknown,Unknown,Unknown,Unknown,Unknown,Unknown,Unknown,Unknown,Unknown,Unknown,Unknown,Unknown,Unknown,Unknown,Unknown,Unknown,Unknown,Unknown,Unknown,Unknown,Unknown,Unknown,Unknown,Unknown,Unknown,Unknown,Unknown,Unknown,Unknown,Unknown,Unknown,Unknown,Unknown,Unknown
NBF,Unknown,Unknown,Unknown,Unknown,Unknown,Unknown,Unknown,Unknown,Unknown,Unknown,Unknown,Unknown,Unknown,Unknown,Unknown,Unknown,Unknown,Unknown,Unknown,Unknown,Unknown,Unknown,Unknown,Unknown,Unknown,Unknown,Unknown,Unknown,Unknown,Unknown,Unknown,Unknown,Unknown,Unknown,Unknown,Unknown
NBF,25923,Staphylococcus aureussubsp.aureusRosenbach,Seattle 1945,Preceptrol culture,No,Clinical isolate,Unknown,Unknown,Unknown,ATCC Medium 18: Trypticase Soy Agar/Broth,37°C,Aerobic,"Open vial according to enclosed instructions.Using a single tube of #18 broth (5 to 6 mL), withdraw approximately 0.5 to 1.0 mL with a Pasteur or 1.0 mL pipette.  Rehydrate the entire pellet.Aseptically transfer this aliquot back into the broth tube.  Mix well.Use several drops of the suspension to inoculate a #18 agar slant and/or plate.Incubate the tubes and plate at 37°C for 24 hours.",Freeze-dried,2°C to 8°C,BSL 2,https://www.atcc.org/api/product/sds?atcc_number=25923,https://www.atcc.org/products/25923,"This product is intended for laboratory research use only. It is not intended for any animal or human therapeutic use, any human or animal consumption, or any diagnostic use.",Permit required for delivery (check ATCC catalog terms),Yes,"GenBankAX110511Sequence 1244 from Patent WO0123604.GenBankAX110995Sequence 1728 from Patent WO0123604.GenBankZ16422S.aureus dfrB gene for dihydrofolate reductase.GenBankU39769Staphylococcus aureus 16S-23S ribosomal RNA spacer region.GenBankU02910Staphylococcus aureusATCC 2592316S rRNA gene, partial sequence.GenBankAF053568Staphylococcus aureusATCC 25923heat shock protein 60 gene, partial cds.GenBankAB047239Staphylococcus aureus DNA, complete structure of cassette chromosome(SCC)-like element, strain:ATCC25923.",Unknown,Whole-genome Sequencing,Unknown,BioinformaticsEnteric disease researchInfectious disease researchMedia testingQuality controlWater testing,"CAMP testAssay of wood smoke concentrateControl strainControl strain for identificationEvaluation of Mueller-Hinton agarExamination of dairy productsMedia testingQuality control strainReference materialSusceptibility disc testingEnteric ResearchWater testingSusceptibility disc testing ampicillinSusceptibility disc testing caryomycinSusceptibility disc testing cephalexinSusceptibility disc testing cephaloglycinSusceptibility disc testing cephaloridine cephalomycinSusceptibility disc testing cephalothinSusceptibility disc testing chloramphenicolSusceptibility disc testing erythromycinSusceptibility disc testing gentamicins gentamicinSusceptibility disc testing kanamycinSusceptibility disc testing novobiocinSusceptibility disc testing tetracyclineSusceptibility testingCAMP test for Listeria monocytogenesQuality control strain for Abbott, and Autobac products",Unknown,"GenBankAX110511Sequence 1244 from Patent WO0123604.GenBankAX110995Sequence 1728 from Patent WO0123604.GenBankZ16422S.aureus dfrB gene for dihydrofolate reductase.GenBankU39769Staphylococcus aureus 16S-23S ribosomal RNA spacer region.GenBankU02910Staphylococcus aureusATCC 2592316S rRNA gene, partial sequence.GenBankAF053568Staphylococcus aureusATCC 25923heat shock protein 60 gene, partial cds.GenBankAB047239Staphylococcus aureus DNA, complete structure of cassette chromosome(SCC)-like element, strain:ATCC25923.",Unknown,Unknown,Unknown,Unknown,Unknown,Unknown,Unknown
NBF,25923,Staphylococcus aureussubsp.aureusRosenbach,Seattle 1945,Preceptrol culture,No,Clinical isolate,Unknown,Unknown,Unknown,ATCC Medium 18: Trypticase Soy Agar/Broth,37°C,Aerobic,"Open vial according to enclosed instructions.Using a single tube of #18 broth (5 to 6 mL), withdraw approximately 0.5 to 1.0 mL with a Pasteur or 1.0 mL pipette.  Rehydrate the entire pellet.Aseptically transfer this aliquot back into the broth tube.  Mix well.Use several drops of the suspension to inoculate a #18 agar slant and/or plate.Incubate the tubes and plate at 37°C for 24 hours.",Freeze-dried,2°C to 8°C,BSL 2,https://www.atcc.org/api/product/sds?atcc_number=25923,https://www.atcc.org/products/25923,"This product is intended for laboratory research use only. It is not intended for any animal or human therapeutic use, any human or animal consumption, or any diagnostic use.",Permit required for delivery (check ATCC catalog terms),Yes,"GenBankAX110511Sequence 1244 from Patent WO0123604.GenBankAX110995Sequence 1728 from Patent WO0123604.GenBankZ16422S.aureus dfrB gene for dihydrofolate reductase.GenBankU39769Staphylococcus aureus 16S-23S ribosomal RNA spacer region.GenBankU02910Staphylococcus aureusATCC 2592316S rRNA gene, partial sequence.GenBankAF053568Staphylococcus aureusATCC 25923heat shock protein 60 gene, partial cds.GenBankAB047239Staphylococcus aureus DNA, complete structure of cassette chromosome(SCC)-like element, strain:ATCC25923.",Unknown,Whole-genome Sequencing,Unknown,BioinformaticsEnteric disease researchInfectious disease researchMedia testingQuality controlWater testing,"CAMP testAssay of wood smoke concentrateControl strainControl strain for identificationEvaluation of Mueller-Hinton agarExamination of dairy productsMedia testingQuality control strainReference materialSusceptibility disc testingEnteric ResearchWater testingSusceptibility disc testing ampicillinSusceptibility disc testing caryomycinSusceptibility disc testing cephalexinSusceptibility disc testing cephaloglycinSusceptibility disc testing cephaloridine cephalomycinSusceptibility disc testing cephalothinSusceptibility disc testing chloramphenicolSusceptibility disc testing erythromycinSusceptibility disc testing gentamicins gentamicinSusceptibility disc testing kanamycinSusceptibility disc testing novobiocinSusceptibility disc testing tetracyclineSusceptibility testingCAMP test for Listeria monocytogenesQuality control strain for Abbott, and Autobac products",Unknown,"GenBankAX110511Sequence 1244 from Patent WO0123604.GenBankAX110995Sequence 1728 from Patent WO0123604.GenBankZ16422S.aureus dfrB gene for dihydrofolate reductase.GenBankU39769Staphylococcus aureus 16S-23S ribosomal RNA spacer region.GenBankU02910Staphylococcus aureusATCC 2592316S rRNA gene, partial sequence.GenBankAF053568Staphylococcus aureusATCC 25923heat shock protein 60 gene, partial cds.GenBankAB047239Staphylococcus aureus DNA, complete structure of cassette chromosome(SCC)-like element, strain:ATCC25923.",Unknown,Unknown,Unknown,Unknown,Unknown,Unknown,Unknown
NBF,12228,Staphylococcus epidermidis(Winslow and Winslow) Evans,FDA strain PCI 1200,Preceptrol culture,No,Unknown,Unknown,Unknown,Unknown,ATCC Medium 3: Nutrient agar or nutrient broth,37°C,Aerobic,"Open vial according to enclosed instructions.Using a single tube of #3 broth (5 to 6 mL), withdraw approximately 0.5 to 1.0 mL with a Pasteur or 1.0 mL pipette. Rehydrate the entire pellet.Aseptically transfer this aliquot back into the broth tube. Mix well.Use several drops of the suspension to inoculate a #3 agar slant and/or plate.Incubate the tubes and plate at 37°C for 24 hours.",Freeze-dried,2°C to 8°C,BSL 1,https://www.atcc.org/api/product/sds?atcc_number=12228,https://www.atcc.org/products/12228,"This product is intended for laboratory research use only. It is not intended for any animal or human therapeutic use, any human or animal consumption, or any diagnostic use.",Permit required for delivery (check ATCC catalog terms),Yes,"GenBankU39771Staphylococcus epidermidis 16S-23S ribosomal RNA spacer region.GenBankU90018Staphylococcus epidermidis 16S-23S ribosomal RNA spacer region.GenBankU90019Staphylococcus epidermidis 16S-23S ribosomal RNA spacer region.GenBankU90020Staphylococcus epidermidis 16S-23S ribosomal RNA spacer region.GenBankU90021Staphylococcus epidermidis 16S-23S ribosomal RNA spacer region.GenBankAE015929Staphylococcus epidermidisATCC 12228, complete genome.",Unknown,Whole-genome Sequencing,Unknown,BioinformaticsFood testingMedia testingQuality controlPharmaceutical testing,"Food testingRabbit pyrogen testingBacterial endotoxin testingAntibiotic assayPotency testingPharmaceutical and Personal CareAssay of gentamicinRefEuropean Pharmacopoeia Commission Microbiological assay of antibiotics. Strasbourg, France:European Pharmacopoeia Commission;European Pharmacopoeia EP 2.7.2, 1997RefU.S. Pharmacopeia General Chapters; <81> Antibiotics-Microbial Assays. Rockville, MD: U.S. Pharmacopeia; USP USP34-NF29, 2011Assay of neomycinRefU.S. Pharmacopeia General Chapters; <81> Antibiotics-Microbial Assays. Rockville, MD: U.S. Pharmacopeia; USP USP34-NF29, 2011RefAOAC International Antibiotics in feeds, microbiological methods. Gaithersburg, MD:AOAC International;AOAC ""Official Methods of Analysis of the AOAC International"" 957.23.RefNeomycin in Feeds -- Stahl Microbiological Agar Diffusion Assay. Gaithersburg, MD:AOAC International;AOAC ""Official Methods of Analysis of the AOAC International"" 998.02.Assay of netilmycinRefU.S. Pharmacopeia General Chapters; <81> Antibiotics-Microbial Assays. Rockville, MD: U.S. Pharmacopeia; USP USP34-NF29, 2011Assay of novobiocinRefU.S. Pharmacopeia General Chapters; <81> Antibiotics-Microbial Assays. Rockville, MD: U.S. Pharmacopeia; USP USP34-NF29, 2011RefAOAC International Antibiotics in feeds, microbiological methods. Gaithersburg, MD:AOAC International;AOAC ""Official Methods of Analysis of the AOAC International"" 957.23.Assay of oleandomycinAssay of paromomycin aminosidine, catenulinRefU.S. Pharmacopeia General Chapters; <81> Antibiotics-Microbial Assays. Rockville, MD: U.S. Pharmacopeia; USP USP34-NF29, 2011Assay of sisomicinRefU.S. Pharmacopeia General Chapters; <81> Antibiotics-Microbial Assays. Rockville, MD: U.S. Pharmacopeia; USP USP34-NF29, 2011Inhibition testingRefStandard Test Method for Evaluation of Antimicrobial Formulations by the Agar Patch Technique. West Conshohocken, PA:ASTM International;ASTM Standard Test Method E 1882-05.Media testingRefQuality Control for Commercially Prepared Microbiological Culture Media; Approved Standard - 3rd Edition. Wayne, PA. Clinical and Laboratory Standards Institute; CLSI M22-A3.RefMicrobiology of food and animal feeding stuffs--Guidelines on preparation and production of culture media-- Part 2: Practical guidelines on performance testing of culture media.. Geneva (Switzerland):International Organization for Standardization/ANSI;ISO ISO 11133-2:2003.RefMicrobiology of food and animal feeding stuffs --- Guidelines on preparation and production of culture media --- Part 2: Practical guidelines on performance testing of culture media - Annex B: Recommended test microorganisms for commonly used culture media. London, UK:British Standards Institution;British Standard DD CEN ISO/TS 11133:2003.Quality control strainrefRefBD Crystal Gram-Positive QC Set. BD Becton Dickinson.refSterility testingSusceptibility disc testing neomycinSusceptibility disc testing vancomycinRefZhang YQ, et al. Genome-based analysis of virulence genes in a non-biofilm-formingStaphylococcus epidermidisstrain (ATCC 12228). Mol. Microbiol. 49: 1577-1593, 2003.PubMed: 12950922Recommended as a test microorganism for EP 2.7.2 Microbiological Assays of AntibioticsRecommended as a test microorganism for JP 16 MonographsRecommended as a test microorganism for USP <81> Antibiotics-Microbial Assays",Unknown,"GenBankU39771Staphylococcus epidermidis 16S-23S ribosomal RNA spacer region.GenBankU90018Staphylococcus epidermidis 16S-23S ribosomal RNA spacer region.GenBankU90019Staphylococcus epidermidis 16S-23S ribosomal RNA spacer region.GenBankU90020Staphylococcus epidermidis 16S-23S ribosomal RNA spacer region.GenBankU90021Staphylococcus epidermidis 16S-23S ribosomal RNA spacer region.GenBankAE015929Staphylococcus epidermidisATCC 12228, complete genome.",Unknown,Unknown,Unknown,Unknown,Unknown,Unknown,Unknown
NBF,12228,Staphylococcus epidermidis(Winslow and Winslow) Evans,FDA strain PCI 1200,Preceptrol culture,No,Unknown,Unknown,Unknown,Unknown,ATCC Medium 3: Nutrient agar or nutrient broth,37°C,Aerobic,"Open vial according to enclosed instructions.Using a single tube of #3 broth (5 to 6 mL), withdraw approximately 0.5 to 1.0 mL with a Pasteur or 1.0 mL pipette. Rehydrate the entire pellet.Aseptically transfer this aliquot back into the broth tube. Mix well.Use several drops of the suspension to inoculate a #3 agar slant and/or plate.Incubate the tubes and plate at 37°C for 24 hours.",Freeze-dried,2°C to 8°C,BSL 1,https://www.atcc.org/api/product/sds?atcc_number=12228,https://www.atcc.org/products/12228,"This product is intended for laboratory research use only. It is not intended for any animal or human therapeutic use, any human or animal consumption, or any diagnostic use.",Permit required for delivery (check ATCC catalog terms),Yes,"GenBankU39771Staphylococcus epidermidis 16S-23S ribosomal RNA spacer region.GenBankU90018Staphylococcus epidermidis 16S-23S ribosomal RNA spacer region.GenBankU90019Staphylococcus epidermidis 16S-23S ribosomal RNA spacer region.GenBankU90020Staphylococcus epidermidis 16S-23S ribosomal RNA spacer region.GenBankU90021Staphylococcus epidermidis 16S-23S ribosomal RNA spacer region.GenBankAE015929Staphylococcus epidermidisATCC 12228, complete genome.",Unknown,Whole-genome Sequencing,Unknown,BioinformaticsFood testingMedia testingQuality controlPharmaceutical testing,"Food testingRabbit pyrogen testingBacterial endotoxin testingAntibiotic assayPotency testingPharmaceutical and Personal CareAssay of gentamicinRefEuropean Pharmacopoeia Commission Microbiological assay of antibiotics. Strasbourg, France:European Pharmacopoeia Commission;European Pharmacopoeia EP 2.7.2, 1997RefU.S. Pharmacopeia General Chapters; <81> Antibiotics-Microbial Assays. Rockville, MD: U.S. Pharmacopeia; USP USP34-NF29, 2011Assay of neomycinRefU.S. Pharmacopeia General Chapters; <81> Antibiotics-Microbial Assays. Rockville, MD: U.S. Pharmacopeia; USP USP34-NF29, 2011RefAOAC International Antibiotics in feeds, microbiological methods. Gaithersburg, MD:AOAC International;AOAC ""Official Methods of Analysis of the AOAC International"" 957.23.RefNeomycin in Feeds -- Stahl Microbiological Agar Diffusion Assay. Gaithersburg, MD:AOAC International;AOAC ""Official Methods of Analysis of the AOAC International"" 998.02.Assay of netilmycinRefU.S. Pharmacopeia General Chapters; <81> Antibiotics-Microbial Assays. Rockville, MD: U.S. Pharmacopeia; USP USP34-NF29, 2011Assay of novobiocinRefU.S. Pharmacopeia General Chapters; <81> Antibiotics-Microbial Assays. Rockville, MD: U.S. Pharmacopeia; USP USP34-NF29, 2011RefAOAC International Antibiotics in feeds, microbiological methods. Gaithersburg, MD:AOAC International;AOAC ""Official Methods of Analysis of the AOAC International"" 957.23.Assay of oleandomycinAssay of paromomycin aminosidine, catenulinRefU.S. Pharmacopeia General Chapters; <81> Antibiotics-Microbial Assays. Rockville, MD: U.S. Pharmacopeia; USP USP34-NF29, 2011Assay of sisomicinRefU.S. Pharmacopeia General Chapters; <81> Antibiotics-Microbial Assays. Rockville, MD: U.S. Pharmacopeia; USP USP34-NF29, 2011Inhibition testingRefStandard Test Method for Evaluation of Antimicrobial Formulations by the Agar Patch Technique. West Conshohocken, PA:ASTM International;ASTM Standard Test Method E 1882-05.Media testingRefQuality Control for Commercially Prepared Microbiological Culture Media; Approved Standard - 3rd Edition. Wayne, PA. Clinical and Laboratory Standards Institute; CLSI M22-A3.RefMicrobiology of food and animal feeding stuffs--Guidelines on preparation and production of culture media-- Part 2: Practical guidelines on performance testing of culture media.. Geneva (Switzerland):International Organization for Standardization/ANSI;ISO ISO 11133-2:2003.RefMicrobiology of food and animal feeding stuffs --- Guidelines on preparation and production of culture media --- Part 2: Practical guidelines on performance testing of culture media - Annex B: Recommended test microorganisms for commonly used culture media. London, UK:British Standards Institution;British Standard DD CEN ISO/TS 11133:2003.Quality control strainrefRefBD Crystal Gram-Positive QC Set. BD Becton Dickinson.refSterility testingSusceptibility disc testing neomycinSusceptibility disc testing vancomycinRefZhang YQ, et al. Genome-based analysis of virulence genes in a non-biofilm-formingStaphylococcus epidermidisstrain (ATCC 12228). Mol. Microbiol. 49: 1577-1593, 2003.PubMed: 12950922Recommended as a test microorganism for EP 2.7.2 Microbiological Assays of AntibioticsRecommended as a test microorganism for JP 16 MonographsRecommended as a test microorganism for USP <81> Antibiotics-Microbial Assays",Unknown,"GenBankU39771Staphylococcus epidermidis 16S-23S ribosomal RNA spacer region.GenBankU90018Staphylococcus epidermidis 16S-23S ribosomal RNA spacer region.GenBankU90019Staphylococcus epidermidis 16S-23S ribosomal RNA spacer region.GenBankU90020Staphylococcus epidermidis 16S-23S ribosomal RNA spacer region.GenBankU90021Staphylococcus epidermidis 16S-23S ribosomal RNA spacer region.GenBankAE015929Staphylococcus epidermidisATCC 12228, complete genome.",Unknown,Unknown,Unknown,Unknown,Unknown,Unknown,Unknown
NBF,25923,Staphylococcus aureussubsp.aureusRosenbach,Seattle 1945,Preceptrol culture,No,Clinical isolate,Unknown,Unknown,Unknown,ATCC Medium 18: Trypticase Soy Agar/Broth,37°C,Aerobic,"Open vial according to enclosed instructions.Using a single tube of #18 broth (5 to 6 mL), withdraw approximately 0.5 to 1.0 mL with a Pasteur or 1.0 mL pipette.  Rehydrate the entire pellet.Aseptically transfer this aliquot back into the broth tube.  Mix well.Use several drops of the suspension to inoculate a #18 agar slant and/or plate.Incubate the tubes and plate at 37°C for 24 hours.",Freeze-dried,2°C to 8°C,BSL 2,https://www.atcc.org/api/product/sds?atcc_number=25923,https://www.atcc.org/products/25923,"This product is intended for laboratory research use only. It is not intended for any animal or human therapeutic use, any human or animal consumption, or any diagnostic use.",Permit required for delivery (check ATCC catalog terms),Yes,"GenBankAX110511Sequence 1244 from Patent WO0123604.GenBankAX110995Sequence 1728 from Patent WO0123604.GenBankZ16422S.aureus dfrB gene for dihydrofolate reductase.GenBankU39769Staphylococcus aureus 16S-23S ribosomal RNA spacer region.GenBankU02910Staphylococcus aureusATCC 2592316S rRNA gene, partial sequence.GenBankAF053568Staphylococcus aureusATCC 25923heat shock protein 60 gene, partial cds.GenBankAB047239Staphylococcus aureus DNA, complete structure of cassette chromosome(SCC)-like element, strain:ATCC25923.",Unknown,Whole-genome Sequencing,Unknown,BioinformaticsEnteric disease researchInfectious disease researchMedia testingQuality controlWater testing,"CAMP testAssay of wood smoke concentrateControl strainControl strain for identificationEvaluation of Mueller-Hinton agarExamination of dairy productsMedia testingQuality control strainReference materialSusceptibility disc testingEnteric ResearchWater testingSusceptibility disc testing ampicillinSusceptibility disc testing caryomycinSusceptibility disc testing cephalexinSusceptibility disc testing cephaloglycinSusceptibility disc testing cephaloridine cephalomycinSusceptibility disc testing cephalothinSusceptibility disc testing chloramphenicolSusceptibility disc testing erythromycinSusceptibility disc testing gentamicins gentamicinSusceptibility disc testing kanamycinSusceptibility disc testing novobiocinSusceptibility disc testing tetracyclineSusceptibility testingCAMP test for Listeria monocytogenesQuality control strain for Abbott, and Autobac products",Unknown,"GenBankAX110511Sequence 1244 from Patent WO0123604.GenBankAX110995Sequence 1728 from Patent WO0123604.GenBankZ16422S.aureus dfrB gene for dihydrofolate reductase.GenBankU39769Staphylococcus aureus 16S-23S ribosomal RNA spacer region.GenBankU02910Staphylococcus aureusATCC 2592316S rRNA gene, partial sequence.GenBankAF053568Staphylococcus aureusATCC 25923heat shock protein 60 gene, partial cds.GenBankAB047239Staphylococcus aureus DNA, complete structure of cassette chromosome(SCC)-like element, strain:ATCC25923.",Unknown,Unknown,Unknown,Unknown,Unknown,Unknown,Unknown
NBF,25923,Staphylococcus aureussubsp.aureusRosenbach,Seattle 1945,Preceptrol culture,No,Clinical isolate,Unknown,Unknown,Unknown,ATCC Medium 18: Trypticase Soy Agar/Broth,37°C,Aerobic,"Open vial according to enclosed instructions.Using a single tube of #18 broth (5 to 6 mL), withdraw approximately 0.5 to 1.0 mL with a Pasteur or 1.0 mL pipette.  Rehydrate the entire pellet.Aseptically transfer this aliquot back into the broth tube.  Mix well.Use several drops of the suspension to inoculate a #18 agar slant and/or plate.Incubate the tubes and plate at 37°C for 24 hours.",Freeze-dried,2°C to 8°C,BSL 2,https://www.atcc.org/api/product/sds?atcc_number=25923,https://www.atcc.org/products/25923,"This product is intended for laboratory research use only. It is not intended for any animal or human therapeutic use, any human or animal consumption, or any diagnostic use.",Permit required for delivery (check ATCC catalog terms),Yes,"GenBankAX110511Sequence 1244 from Patent WO0123604.GenBankAX110995Sequence 1728 from Patent WO0123604.GenBankZ16422S.aureus dfrB gene for dihydrofolate reductase.GenBankU39769Staphylococcus aureus 16S-23S ribosomal RNA spacer region.GenBankU02910Staphylococcus aureusATCC 2592316S rRNA gene, partial sequence.GenBankAF053568Staphylococcus aureusATCC 25923heat shock protein 60 gene, partial cds.GenBankAB047239Staphylococcus aureus DNA, complete structure of cassette chromosome(SCC)-like element, strain:ATCC25923.",Unknown,Whole-genome Sequencing,Unknown,BioinformaticsEnteric disease researchInfectious disease researchMedia testingQuality controlWater testing,"CAMP testAssay of wood smoke concentrateControl strainControl strain for identificationEvaluation of Mueller-Hinton agarExamination of dairy productsMedia testingQuality control strainReference materialSusceptibility disc testingEnteric ResearchWater testingSusceptibility disc testing ampicillinSusceptibility disc testing caryomycinSusceptibility disc testing cephalexinSusceptibility disc testing cephaloglycinSusceptibility disc testing cephaloridine cephalomycinSusceptibility disc testing cephalothinSusceptibility disc testing chloramphenicolSusceptibility disc testing erythromycinSusceptibility disc testing gentamicins gentamicinSusceptibility disc testing kanamycinSusceptibility disc testing novobiocinSusceptibility disc testing tetracyclineSusceptibility testingCAMP test for Listeria monocytogenesQuality control strain for Abbott, and Autobac products",Unknown,"GenBankAX110511Sequence 1244 from Patent WO0123604.GenBankAX110995Sequence 1728 from Patent WO0123604.GenBankZ16422S.aureus dfrB gene for dihydrofolate reductase.GenBankU39769Staphylococcus aureus 16S-23S ribosomal RNA spacer region.GenBankU02910Staphylococcus aureusATCC 2592316S rRNA gene, partial sequence.GenBankAF053568Staphylococcus aureusATCC 25923heat shock protein 60 gene, partial cds.GenBankAB047239Staphylococcus aureus DNA, complete structure of cassette chromosome(SCC)-like element, strain:ATCC25923.",Unknown,Unknown,Unknown,Unknown,Unknown,Unknown,Unknown
NBF,49456,Streptococcus mitisAndrewes and Horder emend. Judicial Commission,NCTC 12261 [NS 51],Unknown,Yes,Unknown,Unknown,Unknown,Unknown,ATCC Medium 44: Brain Heart Infusion Agar/BrothATCC Medium 260: Trypticase soy agar/broth with defibrinated sheep blood,37°C,"95% Air, 5% CO2",Open thawed vial.Aseptically transfer the entire contents to a 5-6 mL tube of #44 broth. Additional test tubes can be inoculated by transferring 0.5 mL of the primary broth tube to these secondary broth tubes.Use several drops of the primary broth tube to inoculate a #260 plate and/or #260 agar slant.Incubate at 37°C for 24 hours in an atmosphere of 5% CO2.,Frozen,-80°C or colder,BSL 2,https://www.atcc.org/api/product/sds?atcc_number=49456,https://www.atcc.org/products/49456,"This product is intended for laboratory research use only. It is not intended for any animal or human therapeutic use, any human or animal consumption, or any diagnostic use.",Permit required for delivery (check ATCC catalog terms),Yes,"GenBankAX110216Sequence 949 from Patent WO0123604.GenBankAX110250Sequence 983 from Patent WO0123604.GenBankAX110456Sequence 1189 from Patent WO0123604.GenBankAX110847Sequence 1580 from Patent WO0123604.GenBankAX111139Sequence 1872 from Patent WO0123604.GenBankAX111541Sequence 2274 from Patent WO0123604.GenBankAF003929Streptococcus mitis 16S ribosomal RNA gene, complete sequence.GenBankAF276269Streptococcus mitis elongation factor Tu (tuf) gene, partial cds.",Unknown,Whole-genome Sequencing,Unknown,Bioinformatics,Unknown,Unknown,"GenBankAX110216Sequence 949 from Patent WO0123604.GenBankAX110250Sequence 983 from Patent WO0123604.GenBankAX110456Sequence 1189 from Patent WO0123604.GenBankAX110847Sequence 1580 from Patent WO0123604.GenBankAX111139Sequence 1872 from Patent WO0123604.GenBankAX111541Sequence 2274 from Patent WO0123604.GenBankAF003929Streptococcus mitis 16S ribosomal RNA gene, complete sequence.GenBankAF276269Streptococcus mitis elongation factor Tu (tuf) gene, partial cds.",Unknown,Unknown,Unknown,Unknown,Unknown,Unknown,Unknown
NBF,49456,Streptococcus mitisAndrewes and Horder emend. Judicial Commission,NCTC 12261 [NS 51],Unknown,Yes,Unknown,Unknown,Unknown,Unknown,ATCC Medium 44: Brain Heart Infusion Agar/BrothATCC Medium 260: Trypticase soy agar/broth with defibrinated sheep blood,37°C,"95% Air, 5% CO2",Open thawed vial.Aseptically transfer the entire contents to a 5-6 mL tube of #44 broth. Additional test tubes can be inoculated by transferring 0.5 mL of the primary broth tube to these secondary broth tubes.Use several drops of the primary broth tube to inoculate a #260 plate and/or #260 agar slant.Incubate at 37°C for 24 hours in an atmosphere of 5% CO2.,Frozen,-80°C or colder,BSL 2,https://www.atcc.org/api/product/sds?atcc_number=49456,https://www.atcc.org/products/49456,"This product is intended for laboratory research use only. It is not intended for any animal or human therapeutic use, any human or animal consumption, or any diagnostic use.",Permit required for delivery (check ATCC catalog terms),Yes,"GenBankAX110216Sequence 949 from Patent WO0123604.GenBankAX110250Sequence 983 from Patent WO0123604.GenBankAX110456Sequence 1189 from Patent WO0123604.GenBankAX110847Sequence 1580 from Patent WO0123604.GenBankAX111139Sequence 1872 from Patent WO0123604.GenBankAX111541Sequence 2274 from Patent WO0123604.GenBankAF003929Streptococcus mitis 16S ribosomal RNA gene, complete sequence.GenBankAF276269Streptococcus mitis elongation factor Tu (tuf) gene, partial cds.",Unknown,Whole-genome Sequencing,Unknown,Bioinformatics,Unknown,Unknown,"GenBankAX110216Sequence 949 from Patent WO0123604.GenBankAX110250Sequence 983 from Patent WO0123604.GenBankAX110456Sequence 1189 from Patent WO0123604.GenBankAX110847Sequence 1580 from Patent WO0123604.GenBankAX111139Sequence 1872 from Patent WO0123604.GenBankAX111541Sequence 2274 from Patent WO0123604.GenBankAF003929Streptococcus mitis 16S ribosomal RNA gene, complete sequence.GenBankAF276269Streptococcus mitis elongation factor Tu (tuf) gene, partial cds.",Unknown,Unknown,Unknown,Unknown,Unknown,Unknown,Unknown
NBF,12228,Staphylococcus epidermidis(Winslow and Winslow) Evans,FDA strain PCI 1200,Preceptrol culture,No,Unknown,Unknown,Unknown,Unknown,ATCC Medium 3: Nutrient agar or nutrient broth,37°C,Aerobic,"Open vial according to enclosed instructions.Using a single tube of #3 broth (5 to 6 mL), withdraw approximately 0.5 to 1.0 mL with a Pasteur or 1.0 mL pipette. Rehydrate the entire pellet.Aseptically transfer this aliquot back into the broth tube. Mix well.Use several drops of the suspension to inoculate a #3 agar slant and/or plate.Incubate the tubes and plate at 37°C for 24 hours.",Freeze-dried,2°C to 8°C,BSL 1,https://www.atcc.org/api/product/sds?atcc_number=12228,https://www.atcc.org/products/12228,"This product is intended for laboratory research use only. It is not intended for any animal or human therapeutic use, any human or animal consumption, or any diagnostic use.",Permit required for delivery (check ATCC catalog terms),Yes,"GenBankU39771Staphylococcus epidermidis 16S-23S ribosomal RNA spacer region.GenBankU90018Staphylococcus epidermidis 16S-23S ribosomal RNA spacer region.GenBankU90019Staphylococcus epidermidis 16S-23S ribosomal RNA spacer region.GenBankU90020Staphylococcus epidermidis 16S-23S ribosomal RNA spacer region.GenBankU90021Staphylococcus epidermidis 16S-23S ribosomal RNA spacer region.GenBankAE015929Staphylococcus epidermidisATCC 12228, complete genome.",Unknown,Whole-genome Sequencing,Unknown,BioinformaticsFood testingMedia testingQuality controlPharmaceutical testing,"Food testingRabbit pyrogen testingBacterial endotoxin testingAntibiotic assayPotency testingPharmaceutical and Personal CareAssay of gentamicinRefEuropean Pharmacopoeia Commission Microbiological assay of antibiotics. Strasbourg, France:European Pharmacopoeia Commission;European Pharmacopoeia EP 2.7.2, 1997RefU.S. Pharmacopeia General Chapters; <81> Antibiotics-Microbial Assays. Rockville, MD: U.S. Pharmacopeia; USP USP34-NF29, 2011Assay of neomycinRefU.S. Pharmacopeia General Chapters; <81> Antibiotics-Microbial Assays. Rockville, MD: U.S. Pharmacopeia; USP USP34-NF29, 2011RefAOAC International Antibiotics in feeds, microbiological methods. Gaithersburg, MD:AOAC International;AOAC ""Official Methods of Analysis of the AOAC International"" 957.23.RefNeomycin in Feeds -- Stahl Microbiological Agar Diffusion Assay. Gaithersburg, MD:AOAC International;AOAC ""Official Methods of Analysis of the AOAC International"" 998.02.Assay of netilmycinRefU.S. Pharmacopeia General Chapters; <81> Antibiotics-Microbial Assays. Rockville, MD: U.S. Pharmacopeia; USP USP34-NF29, 2011Assay of novobiocinRefU.S. Pharmacopeia General Chapters; <81> Antibiotics-Microbial Assays. Rockville, MD: U.S. Pharmacopeia; USP USP34-NF29, 2011RefAOAC International Antibiotics in feeds, microbiological methods. Gaithersburg, MD:AOAC International;AOAC ""Official Methods of Analysis of the AOAC International"" 957.23.Assay of oleandomycinAssay of paromomycin aminosidine, catenulinRefU.S. Pharmacopeia General Chapters; <81> Antibiotics-Microbial Assays. Rockville, MD: U.S. Pharmacopeia; USP USP34-NF29, 2011Assay of sisomicinRefU.S. Pharmacopeia General Chapters; <81> Antibiotics-Microbial Assays. Rockville, MD: U.S. Pharmacopeia; USP USP34-NF29, 2011Inhibition testingRefStandard Test Method for Evaluation of Antimicrobial Formulations by the Agar Patch Technique. West Conshohocken, PA:ASTM International;ASTM Standard Test Method E 1882-05.Media testingRefQuality Control for Commercially Prepared Microbiological Culture Media; Approved Standard - 3rd Edition. Wayne, PA. Clinical and Laboratory Standards Institute; CLSI M22-A3.RefMicrobiology of food and animal feeding stuffs--Guidelines on preparation and production of culture media-- Part 2: Practical guidelines on performance testing of culture media.. Geneva (Switzerland):International Organization for Standardization/ANSI;ISO ISO 11133-2:2003.RefMicrobiology of food and animal feeding stuffs --- Guidelines on preparation and production of culture media --- Part 2: Practical guidelines on performance testing of culture media - Annex B: Recommended test microorganisms for commonly used culture media. London, UK:British Standards Institution;British Standard DD CEN ISO/TS 11133:2003.Quality control strainrefRefBD Crystal Gram-Positive QC Set. BD Becton Dickinson.refSterility testingSusceptibility disc testing neomycinSusceptibility disc testing vancomycinRefZhang YQ, et al. Genome-based analysis of virulence genes in a non-biofilm-formingStaphylococcus epidermidisstrain (ATCC 12228). Mol. Microbiol. 49: 1577-1593, 2003.PubMed: 12950922Recommended as a test microorganism for EP 2.7.2 Microbiological Assays of AntibioticsRecommended as a test microorganism for JP 16 MonographsRecommended as a test microorganism for USP <81> Antibiotics-Microbial Assays",Unknown,"GenBankU39771Staphylococcus epidermidis 16S-23S ribosomal RNA spacer region.GenBankU90018Staphylococcus epidermidis 16S-23S ribosomal RNA spacer region.GenBankU90019Staphylococcus epidermidis 16S-23S ribosomal RNA spacer region.GenBankU90020Staphylococcus epidermidis 16S-23S ribosomal RNA spacer region.GenBankU90021Staphylococcus epidermidis 16S-23S ribosomal RNA spacer region.GenBankAE015929Staphylococcus epidermidisATCC 12228, complete genome.",Unknown,Unknown,Unknown,Unknown,Unknown,Unknown,Unknown
NBF,12228,Staphylococcus epidermidis(Winslow and Winslow) Evans,FDA strain PCI 1200,Preceptrol culture,No,Unknown,Unknown,Unknown,Unknown,ATCC Medium 3: Nutrient agar or nutrient broth,37°C,Aerobic,"Open vial according to enclosed instructions.Using a single tube of #3 broth (5 to 6 mL), withdraw approximately 0.5 to 1.0 mL with a Pasteur or 1.0 mL pipette. Rehydrate the entire pellet.Aseptically transfer this aliquot back into the broth tube. Mix well.Use several drops of the suspension to inoculate a #3 agar slant and/or plate.Incubate the tubes and plate at 37°C for 24 hours.",Freeze-dried,2°C to 8°C,BSL 1,https://www.atcc.org/api/product/sds?atcc_number=12228,https://www.atcc.org/products/12228,"This product is intended for laboratory research use only. It is not intended for any animal or human therapeutic use, any human or animal consumption, or any diagnostic use.",Permit required for delivery (check ATCC catalog terms),Yes,"GenBankU39771Staphylococcus epidermidis 16S-23S ribosomal RNA spacer region.GenBankU90018Staphylococcus epidermidis 16S-23S ribosomal RNA spacer region.GenBankU90019Staphylococcus epidermidis 16S-23S ribosomal RNA spacer region.GenBankU90020Staphylococcus epidermidis 16S-23S ribosomal RNA spacer region.GenBankU90021Staphylococcus epidermidis 16S-23S ribosomal RNA spacer region.GenBankAE015929Staphylococcus epidermidisATCC 12228, complete genome.",Unknown,Whole-genome Sequencing,Unknown,BioinformaticsFood testingMedia testingQuality controlPharmaceutical testing,"Food testingRabbit pyrogen testingBacterial endotoxin testingAntibiotic assayPotency testingPharmaceutical and Personal CareAssay of gentamicinRefEuropean Pharmacopoeia Commission Microbiological assay of antibiotics. Strasbourg, France:European Pharmacopoeia Commission;European Pharmacopoeia EP 2.7.2, 1997RefU.S. Pharmacopeia General Chapters; <81> Antibiotics-Microbial Assays. Rockville, MD: U.S. Pharmacopeia; USP USP34-NF29, 2011Assay of neomycinRefU.S. Pharmacopeia General Chapters; <81> Antibiotics-Microbial Assays. Rockville, MD: U.S. Pharmacopeia; USP USP34-NF29, 2011RefAOAC International Antibiotics in feeds, microbiological methods. Gaithersburg, MD:AOAC International;AOAC ""Official Methods of Analysis of the AOAC International"" 957.23.RefNeomycin in Feeds -- Stahl Microbiological Agar Diffusion Assay. Gaithersburg, MD:AOAC International;AOAC ""Official Methods of Analysis of the AOAC International"" 998.02.Assay of netilmycinRefU.S. Pharmacopeia General Chapters; <81> Antibiotics-Microbial Assays. Rockville, MD: U.S. Pharmacopeia; USP USP34-NF29, 2011Assay of novobiocinRefU.S. Pharmacopeia General Chapters; <81> Antibiotics-Microbial Assays. Rockville, MD: U.S. Pharmacopeia; USP USP34-NF29, 2011RefAOAC International Antibiotics in feeds, microbiological methods. Gaithersburg, MD:AOAC International;AOAC ""Official Methods of Analysis of the AOAC International"" 957.23.Assay of oleandomycinAssay of paromomycin aminosidine, catenulinRefU.S. Pharmacopeia General Chapters; <81> Antibiotics-Microbial Assays. Rockville, MD: U.S. Pharmacopeia; USP USP34-NF29, 2011Assay of sisomicinRefU.S. Pharmacopeia General Chapters; <81> Antibiotics-Microbial Assays. Rockville, MD: U.S. Pharmacopeia; USP USP34-NF29, 2011Inhibition testingRefStandard Test Method for Evaluation of Antimicrobial Formulations by the Agar Patch Technique. West Conshohocken, PA:ASTM International;ASTM Standard Test Method E 1882-05.Media testingRefQuality Control for Commercially Prepared Microbiological Culture Media; Approved Standard - 3rd Edition. Wayne, PA. Clinical and Laboratory Standards Institute; CLSI M22-A3.RefMicrobiology of food and animal feeding stuffs--Guidelines on preparation and production of culture media-- Part 2: Practical guidelines on performance testing of culture media.. Geneva (Switzerland):International Organization for Standardization/ANSI;ISO ISO 11133-2:2003.RefMicrobiology of food and animal feeding stuffs --- Guidelines on preparation and production of culture media --- Part 2: Practical guidelines on performance testing of culture media - Annex B: Recommended test microorganisms for commonly used culture media. London, UK:British Standards Institution;British Standard DD CEN ISO/TS 11133:2003.Quality control strainrefRefBD Crystal Gram-Positive QC Set. BD Becton Dickinson.refSterility testingSusceptibility disc testing neomycinSusceptibility disc testing vancomycinRefZhang YQ, et al. Genome-based analysis of virulence genes in a non-biofilm-formingStaphylococcus epidermidisstrain (ATCC 12228). Mol. Microbiol. 49: 1577-1593, 2003.PubMed: 12950922Recommended as a test microorganism for EP 2.7.2 Microbiological Assays of AntibioticsRecommended as a test microorganism for JP 16 MonographsRecommended as a test microorganism for USP <81> Antibiotics-Microbial Assays",Unknown,"GenBankU39771Staphylococcus epidermidis 16S-23S ribosomal RNA spacer region.GenBankU90018Staphylococcus epidermidis 16S-23S ribosomal RNA spacer region.GenBankU90019Staphylococcus epidermidis 16S-23S ribosomal RNA spacer region.GenBankU90020Staphylococcus epidermidis 16S-23S ribosomal RNA spacer region.GenBankU90021Staphylococcus epidermidis 16S-23S ribosomal RNA spacer region.GenBankAE015929Staphylococcus epidermidisATCC 12228, complete genome.",Unknown,Unknown,Unknown,Unknown,Unknown,Unknown,Unknown
NBF,12228,Staphylococcus epidermidis(Winslow and Winslow) Evans,FDA strain PCI 1200,Preceptrol culture,No,Unknown,Unknown,Unknown,Unknown,ATCC Medium 3: Nutrient agar or nutrient broth,37°C,Aerobic,"Open vial according to enclosed instructions.Using a single tube of #3 broth (5 to 6 mL), withdraw approximately 0.5 to 1.0 mL with a Pasteur or 1.0 mL pipette. Rehydrate the entire pellet.Aseptically transfer this aliquot back into the broth tube. Mix well.Use several drops of the suspension to inoculate a #3 agar slant and/or plate.Incubate the tubes and plate at 37°C for 24 hours.",Freeze-dried,2°C to 8°C,BSL 1,https://www.atcc.org/api/product/sds?atcc_number=12228,https://www.atcc.org/products/12228,"This product is intended for laboratory research use only. It is not intended for any animal or human therapeutic use, any human or animal consumption, or any diagnostic use.",Permit required for delivery (check ATCC catalog terms),Yes,"GenBankU39771Staphylococcus epidermidis 16S-23S ribosomal RNA spacer region.GenBankU90018Staphylococcus epidermidis 16S-23S ribosomal RNA spacer region.GenBankU90019Staphylococcus epidermidis 16S-23S ribosomal RNA spacer region.GenBankU90020Staphylococcus epidermidis 16S-23S ribosomal RNA spacer region.GenBankU90021Staphylococcus epidermidis 16S-23S ribosomal RNA spacer region.GenBankAE015929Staphylococcus epidermidisATCC 12228, complete genome.",Unknown,Whole-genome Sequencing,Unknown,BioinformaticsFood testingMedia testingQuality controlPharmaceutical testing,"Food testingRabbit pyrogen testingBacterial endotoxin testingAntibiotic assayPotency testingPharmaceutical and Personal CareAssay of gentamicinRefEuropean Pharmacopoeia Commission Microbiological assay of antibiotics. Strasbourg, France:European Pharmacopoeia Commission;European Pharmacopoeia EP 2.7.2, 1997RefU.S. Pharmacopeia General Chapters; <81> Antibiotics-Microbial Assays. Rockville, MD: U.S. Pharmacopeia; USP USP34-NF29, 2011Assay of neomycinRefU.S. Pharmacopeia General Chapters; <81> Antibiotics-Microbial Assays. Rockville, MD: U.S. Pharmacopeia; USP USP34-NF29, 2011RefAOAC International Antibiotics in feeds, microbiological methods. Gaithersburg, MD:AOAC International;AOAC ""Official Methods of Analysis of the AOAC International"" 957.23.RefNeomycin in Feeds -- Stahl Microbiological Agar Diffusion Assay. Gaithersburg, MD:AOAC International;AOAC ""Official Methods of Analysis of the AOAC International"" 998.02.Assay of netilmycinRefU.S. Pharmacopeia General Chapters; <81> Antibiotics-Microbial Assays. Rockville, MD: U.S. Pharmacopeia; USP USP34-NF29, 2011Assay of novobiocinRefU.S. Pharmacopeia General Chapters; <81> Antibiotics-Microbial Assays. Rockville, MD: U.S. Pharmacopeia; USP USP34-NF29, 2011RefAOAC International Antibiotics in feeds, microbiological methods. Gaithersburg, MD:AOAC International;AOAC ""Official Methods of Analysis of the AOAC International"" 957.23.Assay of oleandomycinAssay of paromomycin aminosidine, catenulinRefU.S. Pharmacopeia General Chapters; <81> Antibiotics-Microbial Assays. Rockville, MD: U.S. Pharmacopeia; USP USP34-NF29, 2011Assay of sisomicinRefU.S. Pharmacopeia General Chapters; <81> Antibiotics-Microbial Assays. Rockville, MD: U.S. Pharmacopeia; USP USP34-NF29, 2011Inhibition testingRefStandard Test Method for Evaluation of Antimicrobial Formulations by the Agar Patch Technique. West Conshohocken, PA:ASTM International;ASTM Standard Test Method E 1882-05.Media testingRefQuality Control for Commercially Prepared Microbiological Culture Media; Approved Standard - 3rd Edition. Wayne, PA. Clinical and Laboratory Standards Institute; CLSI M22-A3.RefMicrobiology of food and animal feeding stuffs--Guidelines on preparation and production of culture media-- Part 2: Practical guidelines on performance testing of culture media.. Geneva (Switzerland):International Organization for Standardization/ANSI;ISO ISO 11133-2:2003.RefMicrobiology of food and animal feeding stuffs --- Guidelines on preparation and production of culture media --- Part 2: Practical guidelines on performance testing of culture media - Annex B: Recommended test microorganisms for commonly used culture media. London, UK:British Standards Institution;British Standard DD CEN ISO/TS 11133:2003.Quality control strainrefRefBD Crystal Gram-Positive QC Set. BD Becton Dickinson.refSterility testingSusceptibility disc testing neomycinSusceptibility disc testing vancomycinRefZhang YQ, et al. Genome-based analysis of virulence genes in a non-biofilm-formingStaphylococcus epidermidisstrain (ATCC 12228). Mol. Microbiol. 49: 1577-1593, 2003.PubMed: 12950922Recommended as a test microorganism for EP 2.7.2 Microbiological Assays of AntibioticsRecommended as a test microorganism for JP 16 MonographsRecommended as a test microorganism for USP <81> Antibiotics-Microbial Assays",Unknown,"GenBankU39771Staphylococcus epidermidis 16S-23S ribosomal RNA spacer region.GenBankU90018Staphylococcus epidermidis 16S-23S ribosomal RNA spacer region.GenBankU90019Staphylococcus epidermidis 16S-23S ribosomal RNA spacer region.GenBankU90020Staphylococcus epidermidis 16S-23S ribosomal RNA spacer region.GenBankU90021Staphylococcus epidermidis 16S-23S ribosomal RNA spacer region.GenBankAE015929Staphylococcus epidermidisATCC 12228, complete genome.",Unknown,Unknown,Unknown,Unknown,Unknown,Unknown,Unknown
NBF,12228,Staphylococcus epidermidis(Winslow and Winslow) Evans,FDA strain PCI 1200,Preceptrol culture,No,Unknown,Unknown,Unknown,Unknown,ATCC Medium 3: Nutrient agar or nutrient broth,37°C,Aerobic,"Open vial according to enclosed instructions.Using a single tube of #3 broth (5 to 6 mL), withdraw approximately 0.5 to 1.0 mL with a Pasteur or 1.0 mL pipette. Rehydrate the entire pellet.Aseptically transfer this aliquot back into the broth tube. Mix well.Use several drops of the suspension to inoculate a #3 agar slant and/or plate.Incubate the tubes and plate at 37°C for 24 hours.",Freeze-dried,2°C to 8°C,BSL 1,https://www.atcc.org/api/product/sds?atcc_number=12228,https://www.atcc.org/products/12228,"This product is intended for laboratory research use only. It is not intended for any animal or human therapeutic use, any human or animal consumption, or any diagnostic use.",Permit required for delivery (check ATCC catalog terms),Yes,"GenBankU39771Staphylococcus epidermidis 16S-23S ribosomal RNA spacer region.GenBankU90018Staphylococcus epidermidis 16S-23S ribosomal RNA spacer region.GenBankU90019Staphylococcus epidermidis 16S-23S ribosomal RNA spacer region.GenBankU90020Staphylococcus epidermidis 16S-23S ribosomal RNA spacer region.GenBankU90021Staphylococcus epidermidis 16S-23S ribosomal RNA spacer region.GenBankAE015929Staphylococcus epidermidisATCC 12228, complete genome.",Unknown,Whole-genome Sequencing,Unknown,BioinformaticsFood testingMedia testingQuality controlPharmaceutical testing,"Food testingRabbit pyrogen testingBacterial endotoxin testingAntibiotic assayPotency testingPharmaceutical and Personal CareAssay of gentamicinRefEuropean Pharmacopoeia Commission Microbiological assay of antibiotics. Strasbourg, France:European Pharmacopoeia Commission;European Pharmacopoeia EP 2.7.2, 1997RefU.S. Pharmacopeia General Chapters; <81> Antibiotics-Microbial Assays. Rockville, MD: U.S. Pharmacopeia; USP USP34-NF29, 2011Assay of neomycinRefU.S. Pharmacopeia General Chapters; <81> Antibiotics-Microbial Assays. Rockville, MD: U.S. Pharmacopeia; USP USP34-NF29, 2011RefAOAC International Antibiotics in feeds, microbiological methods. Gaithersburg, MD:AOAC International;AOAC ""Official Methods of Analysis of the AOAC International"" 957.23.RefNeomycin in Feeds -- Stahl Microbiological Agar Diffusion Assay. Gaithersburg, MD:AOAC International;AOAC ""Official Methods of Analysis of the AOAC International"" 998.02.Assay of netilmycinRefU.S. Pharmacopeia General Chapters; <81> Antibiotics-Microbial Assays. Rockville, MD: U.S. Pharmacopeia; USP USP34-NF29, 2011Assay of novobiocinRefU.S. Pharmacopeia General Chapters; <81> Antibiotics-Microbial Assays. Rockville, MD: U.S. Pharmacopeia; USP USP34-NF29, 2011RefAOAC International Antibiotics in feeds, microbiological methods. Gaithersburg, MD:AOAC International;AOAC ""Official Methods of Analysis of the AOAC International"" 957.23.Assay of oleandomycinAssay of paromomycin aminosidine, catenulinRefU.S. Pharmacopeia General Chapters; <81> Antibiotics-Microbial Assays. Rockville, MD: U.S. Pharmacopeia; USP USP34-NF29, 2011Assay of sisomicinRefU.S. Pharmacopeia General Chapters; <81> Antibiotics-Microbial Assays. Rockville, MD: U.S. Pharmacopeia; USP USP34-NF29, 2011Inhibition testingRefStandard Test Method for Evaluation of Antimicrobial Formulations by the Agar Patch Technique. West Conshohocken, PA:ASTM International;ASTM Standard Test Method E 1882-05.Media testingRefQuality Control for Commercially Prepared Microbiological Culture Media; Approved Standard - 3rd Edition. Wayne, PA. Clinical and Laboratory Standards Institute; CLSI M22-A3.RefMicrobiology of food and animal feeding stuffs--Guidelines on preparation and production of culture media-- Part 2: Practical guidelines on performance testing of culture media.. Geneva (Switzerland):International Organization for Standardization/ANSI;ISO ISO 11133-2:2003.RefMicrobiology of food and animal feeding stuffs --- Guidelines on preparation and production of culture media --- Part 2: Practical guidelines on performance testing of culture media - Annex B: Recommended test microorganisms for commonly used culture media. London, UK:British Standards Institution;British Standard DD CEN ISO/TS 11133:2003.Quality control strainrefRefBD Crystal Gram-Positive QC Set. BD Becton Dickinson.refSterility testingSusceptibility disc testing neomycinSusceptibility disc testing vancomycinRefZhang YQ, et al. Genome-based analysis of virulence genes in a non-biofilm-formingStaphylococcus epidermidisstrain (ATCC 12228). Mol. Microbiol. 49: 1577-1593, 2003.PubMed: 12950922Recommended as a test microorganism for EP 2.7.2 Microbiological Assays of AntibioticsRecommended as a test microorganism for JP 16 MonographsRecommended as a test microorganism for USP <81> Antibiotics-Microbial Assays",Unknown,"GenBankU39771Staphylococcus epidermidis 16S-23S ribosomal RNA spacer region.GenBankU90018Staphylococcus epidermidis 16S-23S ribosomal RNA spacer region.GenBankU90019Staphylococcus epidermidis 16S-23S ribosomal RNA spacer region.GenBankU90020Staphylococcus epidermidis 16S-23S ribosomal RNA spacer region.GenBankU90021Staphylococcus epidermidis 16S-23S ribosomal RNA spacer region.GenBankAE015929Staphylococcus epidermidisATCC 12228, complete genome.",Unknown,Unknown,Unknown,Unknown,Unknown,Unknown,Unknown
NBF,25923,Staphylococcus aureussubsp.aureusRosenbach,Seattle 1945,Preceptrol culture,No,Clinical isolate,Unknown,Unknown,Unknown,ATCC Medium 18: Trypticase Soy Agar/Broth,37°C,Aerobic,"Open vial according to enclosed instructions.Using a single tube of #18 broth (5 to 6 mL), withdraw approximately 0.5 to 1.0 mL with a Pasteur or 1.0 mL pipette.  Rehydrate the entire pellet.Aseptically transfer this aliquot back into the broth tube.  Mix well.Use several drops of the suspension to inoculate a #18 agar slant and/or plate.Incubate the tubes and plate at 37°C for 24 hours.",Freeze-dried,2°C to 8°C,BSL 2,https://www.atcc.org/api/product/sds?atcc_number=25923,https://www.atcc.org/products/25923,"This product is intended for laboratory research use only. It is not intended for any animal or human therapeutic use, any human or animal consumption, or any diagnostic use.",Permit required for delivery (check ATCC catalog terms),Yes,"GenBankAX110511Sequence 1244 from Patent WO0123604.GenBankAX110995Sequence 1728 from Patent WO0123604.GenBankZ16422S.aureus dfrB gene for dihydrofolate reductase.GenBankU39769Staphylococcus aureus 16S-23S ribosomal RNA spacer region.GenBankU02910Staphylococcus aureusATCC 2592316S rRNA gene, partial sequence.GenBankAF053568Staphylococcus aureusATCC 25923heat shock protein 60 gene, partial cds.GenBankAB047239Staphylococcus aureus DNA, complete structure of cassette chromosome(SCC)-like element, strain:ATCC25923.",Unknown,Whole-genome Sequencing,Unknown,BioinformaticsEnteric disease researchInfectious disease researchMedia testingQuality controlWater testing,"CAMP testAssay of wood smoke concentrateControl strainControl strain for identificationEvaluation of Mueller-Hinton agarExamination of dairy productsMedia testingQuality control strainReference materialSusceptibility disc testingEnteric ResearchWater testingSusceptibility disc testing ampicillinSusceptibility disc testing caryomycinSusceptibility disc testing cephalexinSusceptibility disc testing cephaloglycinSusceptibility disc testing cephaloridine cephalomycinSusceptibility disc testing cephalothinSusceptibility disc testing chloramphenicolSusceptibility disc testing erythromycinSusceptibility disc testing gentamicins gentamicinSusceptibility disc testing kanamycinSusceptibility disc testing novobiocinSusceptibility disc testing tetracyclineSusceptibility testingCAMP test for Listeria monocytogenesQuality control strain for Abbott, and Autobac products",Unknown,"GenBankAX110511Sequence 1244 from Patent WO0123604.GenBankAX110995Sequence 1728 from Patent WO0123604.GenBankZ16422S.aureus dfrB gene for dihydrofolate reductase.GenBankU39769Staphylococcus aureus 16S-23S ribosomal RNA spacer region.GenBankU02910Staphylococcus aureusATCC 2592316S rRNA gene, partial sequence.GenBankAF053568Staphylococcus aureusATCC 25923heat shock protein 60 gene, partial cds.GenBankAB047239Staphylococcus aureus DNA, complete structure of cassette chromosome(SCC)-like element, strain:ATCC25923.",Unknown,Unknown,Unknown,Unknown,Unknown,Unknown,Unknown
NBF,25923,Staphylococcus aureussubsp.aureusRosenbach,Seattle 1945,Preceptrol culture,No,Clinical isolate,Unknown,Unknown,Unknown,ATCC Medium 18: Trypticase Soy Agar/Broth,37°C,Aerobic,"Open vial according to enclosed instructions.Using a single tube of #18 broth (5 to 6 mL), withdraw approximately 0.5 to 1.0 mL with a Pasteur or 1.0 mL pipette.  Rehydrate the entire pellet.Aseptically transfer this aliquot back into the broth tube.  Mix well.Use several drops of the suspension to inoculate a #18 agar slant and/or plate.Incubate the tubes and plate at 37°C for 24 hours.",Freeze-dried,2°C to 8°C,BSL 2,https://www.atcc.org/api/product/sds?atcc_number=25923,https://www.atcc.org/products/25923,"This product is intended for laboratory research use only. It is not intended for any animal or human therapeutic use, any human or animal consumption, or any diagnostic use.",Permit required for delivery (check ATCC catalog terms),Yes,"GenBankAX110511Sequence 1244 from Patent WO0123604.GenBankAX110995Sequence 1728 from Patent WO0123604.GenBankZ16422S.aureus dfrB gene for dihydrofolate reductase.GenBankU39769Staphylococcus aureus 16S-23S ribosomal RNA spacer region.GenBankU02910Staphylococcus aureusATCC 2592316S rRNA gene, partial sequence.GenBankAF053568Staphylococcus aureusATCC 25923heat shock protein 60 gene, partial cds.GenBankAB047239Staphylococcus aureus DNA, complete structure of cassette chromosome(SCC)-like element, strain:ATCC25923.",Unknown,Whole-genome Sequencing,Unknown,BioinformaticsEnteric disease researchInfectious disease researchMedia testingQuality controlWater testing,"CAMP testAssay of wood smoke concentrateControl strainControl strain for identificationEvaluation of Mueller-Hinton agarExamination of dairy productsMedia testingQuality control strainReference materialSusceptibility disc testingEnteric ResearchWater testingSusceptibility disc testing ampicillinSusceptibility disc testing caryomycinSusceptibility disc testing cephalexinSusceptibility disc testing cephaloglycinSusceptibility disc testing cephaloridine cephalomycinSusceptibility disc testing cephalothinSusceptibility disc testing chloramphenicolSusceptibility disc testing erythromycinSusceptibility disc testing gentamicins gentamicinSusceptibility disc testing kanamycinSusceptibility disc testing novobiocinSusceptibility disc testing tetracyclineSusceptibility testingCAMP test for Listeria monocytogenesQuality control strain for Abbott, and Autobac products",Unknown,"GenBankAX110511Sequence 1244 from Patent WO0123604.GenBankAX110995Sequence 1728 from Patent WO0123604.GenBankZ16422S.aureus dfrB gene for dihydrofolate reductase.GenBankU39769Staphylococcus aureus 16S-23S ribosomal RNA spacer region.GenBankU02910Staphylococcus aureusATCC 2592316S rRNA gene, partial sequence.GenBankAF053568Staphylococcus aureusATCC 25923heat shock protein 60 gene, partial cds.GenBankAB047239Staphylococcus aureus DNA, complete structure of cassette chromosome(SCC)-like element, strain:ATCC25923.",Unknown,Unknown,Unknown,Unknown,Unknown,Unknown,Unknown
NBF,10558,Streptococcus gordoniiKilian et al.,"[NCTC 7865, SK 3]",Unknown,Yes,Patient with subacute bacterial endocarditis,Human,Unknown,Unknown,ATCC Medium 44: Brain Heart Infusion Agar/BrothATCC Medium 260: Trypticase soy agar/broth with defibrinated sheep blood,37°C,Aerobic,"Open vial according to enclosed instructions.Using a single tube of #44 broth (5 to 6 mL), withdraw approximately 0.5 to 1.0 mL with a Pasteur or 1.0 mL pipette.  Rehydrate the entire pellet.Aseptically transfer this aliquot back into the broth tube.  Mix well.Use several drops of the suspension to inoculate a #260 agar slant and/or plate.Incubate the tubes and plate at 37°C for 24 hours.",Freeze-dried,2°C to 8°C,BSL 2,https://www.atcc.org/api/product/sds?atcc_number=10558,https://www.atcc.org/products/10558,"This product is intended for laboratory research use only. It is not intended for any animal or human therapeutic use, any human or animal consumption, or any diagnostic use.",Permit required for delivery (check ATCC catalog terms),Yes,"GenBankZ95905Streptococcus gordonii sodA gene.GenBankD63803Streptococcus gordonii gene for 23S rRNA, partial sequence.GenBankAF003931Streptococcus gordonii 16S ribosomal RNA gene, complete sequence.GenBankAF276266Streptococcus gordonii elongation factor Tu (tuf) gene, partial cds.GenBankU69163Streptococcus gordoniiATCC 10558D-Alanine:D-Alanine ligase gene, partial cds.",Unknown,Whole-genome Sequencing,Unknown,Unknown,Unknown,Unknown,"GenBankZ95905Streptococcus gordonii sodA gene.GenBankD63803Streptococcus gordonii gene for 23S rRNA, partial sequence.GenBankAF003931Streptococcus gordonii 16S ribosomal RNA gene, complete sequence.GenBankAF276266Streptococcus gordonii elongation factor Tu (tuf) gene, partial cds.GenBankU69163Streptococcus gordoniiATCC 10558D-Alanine:D-Alanine ligase gene, partial cds.",Unknown,Unknown,Unknown,Unknown,Unknown,Unknown,Unknown
NBF,10558,Streptococcus gordoniiKilian et al.,"[NCTC 7865, SK 3]",Unknown,Yes,Patient with subacute bacterial endocarditis,Human,Unknown,Unknown,ATCC Medium 44: Brain Heart Infusion Agar/BrothATCC Medium 260: Trypticase soy agar/broth with defibrinated sheep blood,37°C,Aerobic,"Open vial according to enclosed instructions.Using a single tube of #44 broth (5 to 6 mL), withdraw approximately 0.5 to 1.0 mL with a Pasteur or 1.0 mL pipette.  Rehydrate the entire pellet.Aseptically transfer this aliquot back into the broth tube.  Mix well.Use several drops of the suspension to inoculate a #260 agar slant and/or plate.Incubate the tubes and plate at 37°C for 24 hours.",Freeze-dried,2°C to 8°C,BSL 2,https://www.atcc.org/api/product/sds?atcc_number=10558,https://www.atcc.org/products/10558,"This product is intended for laboratory research use only. It is not intended for any animal or human therapeutic use, any human or animal consumption, or any diagnostic use.",Permit required for delivery (check ATCC catalog terms),Yes,"GenBankZ95905Streptococcus gordonii sodA gene.GenBankD63803Streptococcus gordonii gene for 23S rRNA, partial sequence.GenBankAF003931Streptococcus gordonii 16S ribosomal RNA gene, complete sequence.GenBankAF276266Streptococcus gordonii elongation factor Tu (tuf) gene, partial cds.GenBankU69163Streptococcus gordoniiATCC 10558D-Alanine:D-Alanine ligase gene, partial cds.",Unknown,Whole-genome Sequencing,Unknown,Unknown,Unknown,Unknown,"GenBankZ95905Streptococcus gordonii sodA gene.GenBankD63803Streptococcus gordonii gene for 23S rRNA, partial sequence.GenBankAF003931Streptococcus gordonii 16S ribosomal RNA gene, complete sequence.GenBankAF276266Streptococcus gordonii elongation factor Tu (tuf) gene, partial cds.GenBankU69163Streptococcus gordoniiATCC 10558D-Alanine:D-Alanine ligase gene, partial cds.",Unknown,Unknown,Unknown,Unknown,Unknown,Unknown,Unknown
NBF,Unknown,#2,Unknown,Unknown,Unknown,Unknown,Unknown,Unknown,Unknown,Unknown,Unknown,Unknown,Unknown,Unknown,Unknown,Unknown,Unknown,Unknown,Unknown,Unknown,Unknown,Unknown,Unknown,Unknown,Unknown,Unknown,Unknown,Unknown,Unknown,Unknown,Unknown,Unknown,Unknown,Unknown,Unknown,Unknown
NBF,Unknown,#2,Unknown,Unknown,Unknown,Unknown,Unknown,Unknown,Unknown,Unknown,Unknown,Unknown,Unknown,Unknown,Unknown,Unknown,Unknown,Unknown,Unknown,Unknown,Unknown,Unknown,Unknown,Unknown,Unknown,Unknown,Unknown,Unknown,Unknown,Unknown,Unknown,Unknown,Unknown,Unknown,Unknown,Unknown
NBF,25923,Staphylococcus aureussubsp.aureusRosenbach,Seattle 1945,Preceptrol culture,No,Clinical isolate,Unknown,Unknown,Unknown,ATCC Medium 18: Trypticase Soy Agar/Broth,37°C,Aerobic,"Open vial according to enclosed instructions.Using a single tube of #18 broth (5 to 6 mL), withdraw approximately 0.5 to 1.0 mL with a Pasteur or 1.0 mL pipette.  Rehydrate the entire pellet.Aseptically transfer this aliquot back into the broth tube.  Mix well.Use several drops of the suspension to inoculate a #18 agar slant and/or plate.Incubate the tubes and plate at 37°C for 24 hours.",Freeze-dried,2°C to 8°C,BSL 2,https://www.atcc.org/api/product/sds?atcc_number=25923,https://www.atcc.org/products/25923,"This product is intended for laboratory research use only. It is not intended for any animal or human therapeutic use, any human or animal consumption, or any diagnostic use.",Permit required for delivery (check ATCC catalog terms),Yes,"GenBankAX110511Sequence 1244 from Patent WO0123604.GenBankAX110995Sequence 1728 from Patent WO0123604.GenBankZ16422S.aureus dfrB gene for dihydrofolate reductase.GenBankU39769Staphylococcus aureus 16S-23S ribosomal RNA spacer region.GenBankU02910Staphylococcus aureusATCC 2592316S rRNA gene, partial sequence.GenBankAF053568Staphylococcus aureusATCC 25923heat shock protein 60 gene, partial cds.GenBankAB047239Staphylococcus aureus DNA, complete structure of cassette chromosome(SCC)-like element, strain:ATCC25923.",Unknown,Whole-genome Sequencing,Unknown,BioinformaticsEnteric disease researchInfectious disease researchMedia testingQuality controlWater testing,"CAMP testAssay of wood smoke concentrateControl strainControl strain for identificationEvaluation of Mueller-Hinton agarExamination of dairy productsMedia testingQuality control strainReference materialSusceptibility disc testingEnteric ResearchWater testingSusceptibility disc testing ampicillinSusceptibility disc testing caryomycinSusceptibility disc testing cephalexinSusceptibility disc testing cephaloglycinSusceptibility disc testing cephaloridine cephalomycinSusceptibility disc testing cephalothinSusceptibility disc testing chloramphenicolSusceptibility disc testing erythromycinSusceptibility disc testing gentamicins gentamicinSusceptibility disc testing kanamycinSusceptibility disc testing novobiocinSusceptibility disc testing tetracyclineSusceptibility testingCAMP test for Listeria monocytogenesQuality control strain for Abbott, and Autobac products",Unknown,"GenBankAX110511Sequence 1244 from Patent WO0123604.GenBankAX110995Sequence 1728 from Patent WO0123604.GenBankZ16422S.aureus dfrB gene for dihydrofolate reductase.GenBankU39769Staphylococcus aureus 16S-23S ribosomal RNA spacer region.GenBankU02910Staphylococcus aureusATCC 2592316S rRNA gene, partial sequence.GenBankAF053568Staphylococcus aureusATCC 25923heat shock protein 60 gene, partial cds.GenBankAB047239Staphylococcus aureus DNA, complete structure of cassette chromosome(SCC)-like element, strain:ATCC25923.",Unknown,Unknown,Unknown,Unknown,Unknown,Unknown,Unknown
NBF,25923,Staphylococcus aureussubsp.aureusRosenbach,Seattle 1945,Preceptrol culture,No,Clinical isolate,Unknown,Unknown,Unknown,ATCC Medium 18: Trypticase Soy Agar/Broth,37°C,Aerobic,"Open vial according to enclosed instructions.Using a single tube of #18 broth (5 to 6 mL), withdraw approximately 0.5 to 1.0 mL with a Pasteur or 1.0 mL pipette.  Rehydrate the entire pellet.Aseptically transfer this aliquot back into the broth tube.  Mix well.Use several drops of the suspension to inoculate a #18 agar slant and/or plate.Incubate the tubes and plate at 37°C for 24 hours.",Freeze-dried,2°C to 8°C,BSL 2,https://www.atcc.org/api/product/sds?atcc_number=25923,https://www.atcc.org/products/25923,"This product is intended for laboratory research use only. It is not intended for any animal or human therapeutic use, any human or animal consumption, or any diagnostic use.",Permit required for delivery (check ATCC catalog terms),Yes,"GenBankAX110511Sequence 1244 from Patent WO0123604.GenBankAX110995Sequence 1728 from Patent WO0123604.GenBankZ16422S.aureus dfrB gene for dihydrofolate reductase.GenBankU39769Staphylococcus aureus 16S-23S ribosomal RNA spacer region.GenBankU02910Staphylococcus aureusATCC 2592316S rRNA gene, partial sequence.GenBankAF053568Staphylococcus aureusATCC 25923heat shock protein 60 gene, partial cds.GenBankAB047239Staphylococcus aureus DNA, complete structure of cassette chromosome(SCC)-like element, strain:ATCC25923.",Unknown,Whole-genome Sequencing,Unknown,BioinformaticsEnteric disease researchInfectious disease researchMedia testingQuality controlWater testing,"CAMP testAssay of wood smoke concentrateControl strainControl strain for identificationEvaluation of Mueller-Hinton agarExamination of dairy productsMedia testingQuality control strainReference materialSusceptibility disc testingEnteric ResearchWater testingSusceptibility disc testing ampicillinSusceptibility disc testing caryomycinSusceptibility disc testing cephalexinSusceptibility disc testing cephaloglycinSusceptibility disc testing cephaloridine cephalomycinSusceptibility disc testing cephalothinSusceptibility disc testing chloramphenicolSusceptibility disc testing erythromycinSusceptibility disc testing gentamicins gentamicinSusceptibility disc testing kanamycinSusceptibility disc testing novobiocinSusceptibility disc testing tetracyclineSusceptibility testingCAMP test for Listeria monocytogenesQuality control strain for Abbott, and Autobac products",Unknown,"GenBankAX110511Sequence 1244 from Patent WO0123604.GenBankAX110995Sequence 1728 from Patent WO0123604.GenBankZ16422S.aureus dfrB gene for dihydrofolate reductase.GenBankU39769Staphylococcus aureus 16S-23S ribosomal RNA spacer region.GenBankU02910Staphylococcus aureusATCC 2592316S rRNA gene, partial sequence.GenBankAF053568Staphylococcus aureusATCC 25923heat shock protein 60 gene, partial cds.GenBankAB047239Staphylococcus aureus DNA, complete structure of cassette chromosome(SCC)-like element, strain:ATCC25923.",Unknown,Unknown,Unknown,Unknown,Unknown,Unknown,Unknown
NBF,607,Mycobacterium smegmatis(Trevisan) Lehmann and Neumann,Unknown,Unknown,No,Human,Human,Unknown,Unknown,ATCC Medium 44: Brain Heart Infusion Agar/Broth,37°C,Aerobic,Open vial according to enclosed instructions or visit www.atcc.org for instructions.Rehydrate the entire pellet with approximately 0.5 mL of #44 broth. Aseptically transfer the entire contents to a 5-6 mL tube of #44 broth. Additional test tubes can be inoculated by transferring 0.5 mL of the primary broth tube to these secondary tubes.Use several drops of the primary broth tube to inoculate a #44 plate and/or #44 agar slant.Incubate at 37°C for 2-7 days.,Freeze-dried,2°C to 8°C,BSL 1,https://www.atcc.org/api/product/sds?atcc_number=607,https://www.atcc.org/products/607,"This product is intended for laboratory research use only. It is not intended for any animal or human therapeutic use, any human or animal consumption, or any diagnostic use.",Permit required for delivery (check ATCC catalog terms),Yes,"GenBankX60513M.smegmatis gltA gene for citrate synthase.GenBankU07954Mycobacterium smegmatisATCC 60716S rRNA gene, 5' untranslated region.GenBankAH000830Mycobacterium smegmatisATCC 60716S rRNA gene, 5' untranslated region.GenBankU07955Mycobacterium smegmatisATCC 607intergenic region between 16S and 23S rRNA genes.GenBankU87307Mycobacterium smegmatis extracytoplasmic function alternative sigma factor (sigE) gene, complete cds.",Unknown,Whole-genome Sequencing,Unknown,Pharmaceutical testingQuality control,Rabbit pyrogen testingBacterial endotoxin testingAntibiotic assayPotency testingAssay of bleomycinBacteriophage hostPharmaceutical and Personal CareThis strain is recommended as a test microorganism for EP 2.7.2 Microbiological Assays of AntibioticsThis strain is recommended as a test microorganism for JP 16 MonographsThis strain is recommended as a test microorganism for USP <81> Antibiotics-Microbial Assays,Unknown,"GenBankX60513M.smegmatis gltA gene for citrate synthase.GenBankU07954Mycobacterium smegmatisATCC 60716S rRNA gene, 5' untranslated region.GenBankAH000830Mycobacterium smegmatisATCC 60716S rRNA gene, 5' untranslated region.GenBankU07955Mycobacterium smegmatisATCC 607intergenic region between 16S and 23S rRNA genes.GenBankU87307Mycobacterium smegmatis extracytoplasmic function alternative sigma factor (sigE) gene, complete cds.",Unknown,Unknown,Unknown,Unknown,Unknown,Unknown,Unknown
NBF,607,Mycobacterium smegmatis(Trevisan) Lehmann and Neumann,Unknown,Unknown,No,Human,Human,Unknown,Unknown,ATCC Medium 44: Brain Heart Infusion Agar/Broth,37°C,Aerobic,Open vial according to enclosed instructions or visit www.atcc.org for instructions.Rehydrate the entire pellet with approximately 0.5 mL of #44 broth. Aseptically transfer the entire contents to a 5-6 mL tube of #44 broth. Additional test tubes can be inoculated by transferring 0.5 mL of the primary broth tube to these secondary tubes.Use several drops of the primary broth tube to inoculate a #44 plate and/or #44 agar slant.Incubate at 37°C for 2-7 days.,Freeze-dried,2°C to 8°C,BSL 1,https://www.atcc.org/api/product/sds?atcc_number=607,https://www.atcc.org/products/607,"This product is intended for laboratory research use only. It is not intended for any animal or human therapeutic use, any human or animal consumption, or any diagnostic use.",Permit required for delivery (check ATCC catalog terms),Yes,"GenBankX60513M.smegmatis gltA gene for citrate synthase.GenBankU07954Mycobacterium smegmatisATCC 60716S rRNA gene, 5' untranslated region.GenBankAH000830Mycobacterium smegmatisATCC 60716S rRNA gene, 5' untranslated region.GenBankU07955Mycobacterium smegmatisATCC 607intergenic region between 16S and 23S rRNA genes.GenBankU87307Mycobacterium smegmatis extracytoplasmic function alternative sigma factor (sigE) gene, complete cds.",Unknown,Whole-genome Sequencing,Unknown,Pharmaceutical testingQuality control,Rabbit pyrogen testingBacterial endotoxin testingAntibiotic assayPotency testingAssay of bleomycinBacteriophage hostPharmaceutical and Personal CareThis strain is recommended as a test microorganism for EP 2.7.2 Microbiological Assays of AntibioticsThis strain is recommended as a test microorganism for JP 16 MonographsThis strain is recommended as a test microorganism for USP <81> Antibiotics-Microbial Assays,Unknown,"GenBankX60513M.smegmatis gltA gene for citrate synthase.GenBankU07954Mycobacterium smegmatisATCC 60716S rRNA gene, 5' untranslated region.GenBankAH000830Mycobacterium smegmatisATCC 60716S rRNA gene, 5' untranslated region.GenBankU07955Mycobacterium smegmatisATCC 607intergenic region between 16S and 23S rRNA genes.GenBankU87307Mycobacterium smegmatis extracytoplasmic function alternative sigma factor (sigE) gene, complete cds.",Unknown,Unknown,Unknown,Unknown,Unknown,Unknown,Unknown
NBF,25175,Streptococcus mutansClarke,NCTC 10449 [IFO 13955],Preceptrol culture,Yes,Carious dentine,Unknown,Unknown,Unknown,ATCC Medium 44: Brain Heart Infusion Agar/Broth,37°C,Aerobic,Open vial according to enclosed instructions or visitwww.atcc.orgfor instructions.Rehydrate the entire pellet with approximately 0.5 mL of #44 broth. Aseptically transfer the entire contents to a 5-6 mL tube of #44 broth. Additional test tubes can be inoculated by transferring 0.5 mL of the primary broth tube to these secondary tubes.Use several drops of the primary broth tube to inoculate a #44 plate and/or #44 agar slant.Incubate at 37°C for 24 to 48 hours.,Freeze-dried,2°C to 8°C,BSL 1,https://www.atcc.org/api/product/sds?atcc_number=25175,https://www.atcc.org/products/25175,"This product is intended for laboratory research use only. It is not intended for any animal or human therapeutic use, any human or animal consumption, or any diagnostic use.",Permit required for delivery (check ATCC catalog terms),Yes,"GenBankZ95910Streptococcus mutans sodA gene.GenBankU02919Streptococcus mutansATCC 2517516S rRNA gene, partial sequence.",Unknown,Whole-genome Sequencing,Unknown,BioinformaticsMedia testing,Media testing,Unknown,"GenBankZ95910Streptococcus mutans sodA gene.GenBankU02919Streptococcus mutansATCC 2517516S rRNA gene, partial sequence.",Unknown,Unknown,Unknown,Unknown,Unknown,Unknown,Unknown
NBF,25175,Streptococcus mutansClarke,NCTC 10449 [IFO 13955],Preceptrol culture,Yes,Carious dentine,Unknown,Unknown,Unknown,ATCC Medium 44: Brain Heart Infusion Agar/Broth,37°C,Aerobic,Open vial according to enclosed instructions or visitwww.atcc.orgfor instructions.Rehydrate the entire pellet with approximately 0.5 mL of #44 broth. Aseptically transfer the entire contents to a 5-6 mL tube of #44 broth. Additional test tubes can be inoculated by transferring 0.5 mL of the primary broth tube to these secondary tubes.Use several drops of the primary broth tube to inoculate a #44 plate and/or #44 agar slant.Incubate at 37°C for 24 to 48 hours.,Freeze-dried,2°C to 8°C,BSL 1,https://www.atcc.org/api/product/sds?atcc_number=25175,https://www.atcc.org/products/25175,"This product is intended for laboratory research use only. It is not intended for any animal or human therapeutic use, any human or animal consumption, or any diagnostic use.",Permit required for delivery (check ATCC catalog terms),Yes,"GenBankZ95910Streptococcus mutans sodA gene.GenBankU02919Streptococcus mutansATCC 2517516S rRNA gene, partial sequence.",Unknown,Whole-genome Sequencing,Unknown,BioinformaticsMedia testing,Media testing,Unknown,"GenBankZ95910Streptococcus mutans sodA gene.GenBankU02919Streptococcus mutansATCC 2517516S rRNA gene, partial sequence.",Unknown,Unknown,Unknown,Unknown,Unknown,Unknown,Unknown
NBF,25923,Staphylococcus aureussubsp.aureusRosenbach,Seattle 1945,Preceptrol culture,No,Clinical isolate,Unknown,Unknown,Unknown,ATCC Medium 18: Trypticase Soy Agar/Broth,37°C,Aerobic,"Open vial according to enclosed instructions.Using a single tube of #18 broth (5 to 6 mL), withdraw approximately 0.5 to 1.0 mL with a Pasteur or 1.0 mL pipette.  Rehydrate the entire pellet.Aseptically transfer this aliquot back into the broth tube.  Mix well.Use several drops of the suspension to inoculate a #18 agar slant and/or plate.Incubate the tubes and plate at 37°C for 24 hours.",Freeze-dried,2°C to 8°C,BSL 2,https://www.atcc.org/api/product/sds?atcc_number=25923,https://www.atcc.org/products/25923,"This product is intended for laboratory research use only. It is not intended for any animal or human therapeutic use, any human or animal consumption, or any diagnostic use.",Permit required for delivery (check ATCC catalog terms),Yes,"GenBankAX110511Sequence 1244 from Patent WO0123604.GenBankAX110995Sequence 1728 from Patent WO0123604.GenBankZ16422S.aureus dfrB gene for dihydrofolate reductase.GenBankU39769Staphylococcus aureus 16S-23S ribosomal RNA spacer region.GenBankU02910Staphylococcus aureusATCC 2592316S rRNA gene, partial sequence.GenBankAF053568Staphylococcus aureusATCC 25923heat shock protein 60 gene, partial cds.GenBankAB047239Staphylococcus aureus DNA, complete structure of cassette chromosome(SCC)-like element, strain:ATCC25923.",Unknown,Whole-genome Sequencing,Unknown,BioinformaticsEnteric disease researchInfectious disease researchMedia testingQuality controlWater testing,"CAMP testAssay of wood smoke concentrateControl strainControl strain for identificationEvaluation of Mueller-Hinton agarExamination of dairy productsMedia testingQuality control strainReference materialSusceptibility disc testingEnteric ResearchWater testingSusceptibility disc testing ampicillinSusceptibility disc testing caryomycinSusceptibility disc testing cephalexinSusceptibility disc testing cephaloglycinSusceptibility disc testing cephaloridine cephalomycinSusceptibility disc testing cephalothinSusceptibility disc testing chloramphenicolSusceptibility disc testing erythromycinSusceptibility disc testing gentamicins gentamicinSusceptibility disc testing kanamycinSusceptibility disc testing novobiocinSusceptibility disc testing tetracyclineSusceptibility testingCAMP test for Listeria monocytogenesQuality control strain for Abbott, and Autobac products",Unknown,"GenBankAX110511Sequence 1244 from Patent WO0123604.GenBankAX110995Sequence 1728 from Patent WO0123604.GenBankZ16422S.aureus dfrB gene for dihydrofolate reductase.GenBankU39769Staphylococcus aureus 16S-23S ribosomal RNA spacer region.GenBankU02910Staphylococcus aureusATCC 2592316S rRNA gene, partial sequence.GenBankAF053568Staphylococcus aureusATCC 25923heat shock protein 60 gene, partial cds.GenBankAB047239Staphylococcus aureus DNA, complete structure of cassette chromosome(SCC)-like element, strain:ATCC25923.",Unknown,Unknown,Unknown,Unknown,Unknown,Unknown,Unknown
NBF,25923,Staphylococcus aureussubsp.aureusRosenbach,Seattle 1945,Preceptrol culture,No,Clinical isolate,Unknown,Unknown,Unknown,ATCC Medium 18: Trypticase Soy Agar/Broth,37°C,Aerobic,"Open vial according to enclosed instructions.Using a single tube of #18 broth (5 to 6 mL), withdraw approximately 0.5 to 1.0 mL with a Pasteur or 1.0 mL pipette.  Rehydrate the entire pellet.Aseptically transfer this aliquot back into the broth tube.  Mix well.Use several drops of the suspension to inoculate a #18 agar slant and/or plate.Incubate the tubes and plate at 37°C for 24 hours.",Freeze-dried,2°C to 8°C,BSL 2,https://www.atcc.org/api/product/sds?atcc_number=25923,https://www.atcc.org/products/25923,"This product is intended for laboratory research use only. It is not intended for any animal or human therapeutic use, any human or animal consumption, or any diagnostic use.",Permit required for delivery (check ATCC catalog terms),Yes,"GenBankAX110511Sequence 1244 from Patent WO0123604.GenBankAX110995Sequence 1728 from Patent WO0123604.GenBankZ16422S.aureus dfrB gene for dihydrofolate reductase.GenBankU39769Staphylococcus aureus 16S-23S ribosomal RNA spacer region.GenBankU02910Staphylococcus aureusATCC 2592316S rRNA gene, partial sequence.GenBankAF053568Staphylococcus aureusATCC 25923heat shock protein 60 gene, partial cds.GenBankAB047239Staphylococcus aureus DNA, complete structure of cassette chromosome(SCC)-like element, strain:ATCC25923.",Unknown,Whole-genome Sequencing,Unknown,BioinformaticsEnteric disease researchInfectious disease researchMedia testingQuality controlWater testing,"CAMP testAssay of wood smoke concentrateControl strainControl strain for identificationEvaluation of Mueller-Hinton agarExamination of dairy productsMedia testingQuality control strainReference materialSusceptibility disc testingEnteric ResearchWater testingSusceptibility disc testing ampicillinSusceptibility disc testing caryomycinSusceptibility disc testing cephalexinSusceptibility disc testing cephaloglycinSusceptibility disc testing cephaloridine cephalomycinSusceptibility disc testing cephalothinSusceptibility disc testing chloramphenicolSusceptibility disc testing erythromycinSusceptibility disc testing gentamicins gentamicinSusceptibility disc testing kanamycinSusceptibility disc testing novobiocinSusceptibility disc testing tetracyclineSusceptibility testingCAMP test for Listeria monocytogenesQuality control strain for Abbott, and Autobac products",Unknown,"GenBankAX110511Sequence 1244 from Patent WO0123604.GenBankAX110995Sequence 1728 from Patent WO0123604.GenBankZ16422S.aureus dfrB gene for dihydrofolate reductase.GenBankU39769Staphylococcus aureus 16S-23S ribosomal RNA spacer region.GenBankU02910Staphylococcus aureusATCC 2592316S rRNA gene, partial sequence.GenBankAF053568Staphylococcus aureusATCC 25923heat shock protein 60 gene, partial cds.GenBankAB047239Staphylococcus aureus DNA, complete structure of cassette chromosome(SCC)-like element, strain:ATCC25923.",Unknown,Unknown,Unknown,Unknown,Unknown,Unknown,Unknown
NBF,25922,Escherichia coli(Migula) Castellani and Chalmers,"FDA strain Seattle 1946 [DSM 1103, NCIB 12210]",Preceptrol culture,No,Clinical isolate,Unknown,United States; Washington; Seattle,1967,ATCC Medium 18: Trypticase Soy Agar/Broth,37°C,Aerobic,Open thawed vial.Aseptically transfer the entire contents to a 5-6 mL tube of #18 broth. Additional test tubes can be inoculated by transferring 0.5 mL of the primary broth tube to these secondary tubes.Use several drops of the primary broth tube to inoculate a #18 plate and/or #18 agar slant.Incubate at 37°C for 24 hours.,Frozen,-80°C or colder,BSL 1,https://www.atcc.org/api/product/sds?atcc_number=25922,https://www.atcc.org/products/25922,"This product is intended for laboratory research use only. It is not intended for any animal or human therapeutic use, any human or animal consumption, or any diagnostic use.",Permit required for delivery (check ATCC catalog terms),Yes,"GenBankAX110212Sequence 945 from Patent WO0123604.GenBankAX110242Sequence 975 from Patent WO0123604.GenBankAX111547Sequence 2280 from Patent WO0123604.GenBankX80724E. coli (ATCC 25922) gene for 16S rRNA.GenBankAF038431Escherichia coli DNA gyrase A (gyrA) gene, partial cds.","O6,  Biotype 1",Whole-genome Sequencing,"ATCC 25922is a recommended reference strain for antibiotic susceptibility testing. It has been found that passage in broth often results in a change in MIC levels. Therefore, it is best to keep it on agar and to make stocks for storage immediately. Repeated passage is discouraged.Purified genomic DNA of this strain is available as ATCC 25922D-5.Additional information on this culture is available on the ATCC web site at www.atcc.org.",BioinformaticsFood testingMedia testingQuality controlWater testing,"Susceptibility disc testing cephalexinRef. .  Literature issued December 20, 1970 on Cephalothin Discs by Eli Lilly and Co., Indianapolis, IN. : .Susceptibility disc testing cephaloglycinRef. .  Literature issued December 20, 1970 on Cephalothin Discs by Eli Lilly and Co., Indianapolis, IN. : .Susceptibility disc testing kanamycinRefBoyle VJ, et al. Rapid, modified Kirby-Bauer susceptibility test with single, high-concentration antimicrobial disks.  Antimicrob. Agents Chemother. 3: 418-424, 1973.PubMed: 4790600Susceptibility disc testing cephaloridine cephalomycinRefPerformance Standards for Antimicrobial Disk and Dilution Susceptibility Tests for Bacteria Isolated from Animals; Approved Standard - 2nd Edition. Wayne, PA. Clinical and Laboratory Standards Institute; CLSI M31-A3.Ref. .  Literature issued December 20, 1970 on Cephalothin Discs by Eli Lilly and Co., Indianapolis, IN. : .Food testingControl CultureRefIdentification of Foodborne Bacterial Pathogens by Gene Probes: Enterotoxigenic Escherichia coli: Heat-Stable Enterotoxin (Human), Heat-Stable Enterotoxin (Porcine), and Heat-Labile Enterotoxin. Washington, DC:US Food & Drug Administration;Bacteriological Analytical Manual Online Chapt. 24, 2001RefFecal Coliforms in Sewage Sludge (Biosolids) by Multiple-Tube Fermenatation using A-1 medium. Washington, DC:Environmental Protection Agency;EPA EPA Method 1681, 2005RefSalmonella in Sewage Sludge (Biosolids) by Modified Semisolid Rappaport-Vassiliadis (MSRV) Medium. Washington, DC:Environmental Protection Agency;EPA EPA Method 1682, 2005Control strainRefMethodology for the Serum Bactericidal test: Approved Guideline. Wayne, PA. Clinical and Laboratory Standards Institute; CLSI M21-A.RefMethods for Determining Bactericidal Activity of Antimicrobial Agents; Approved Guideline. Wayne, PA. Clinical and Laboratory Standards Institute; CLSI M26-A.RefProcedures for the Recovery and Identification of Parasites from the Intestinal Tract: Approved Guideline - 2nd Edition. Wayne, PA. Clinical and Laboratory Standards Institute; CLSI M28-A2.Evaluation of Mueller-Hinton agarRefProtocols for Evaluating Dehydrated Mueller-Hinton Agar; Approved Standard. Wayne, PA. Clinical and Laboratory Standards Institute; CLSI M6-A2.RefUS General Services Administration Mueller Hinton Medium, dehydrated. Washington, DC:US General Services Administration;Commercial Item Description A-A-50904A, 1986Media testingRefQuality Control for Commercially Prepared Microbiological Culture Media; Approved Standard - 3rd Edition. Wayne, PA. Clinical and Laboratory Standards Institute; CLSI M22-A3.RefFood microbiology. Method 12.3: Microbiology of food and animal feeding stuffs -- Horizontal method for the enumeration of coagulase-positive staphylococci (Staphyloccus aureus and other species)--Detection and MPN technique for low numbers. Sydney, NSW, Australia:Standards Australia;Standards Australia AS 5013.12.3:2004.RefMicrobiology of food and animal feeding stuffs--Guidelines on preparation and production of culture media-- Part 2: Practical guidelines on performance testing of culture media.. Geneva (Switzerland):International Organization for Standardization/ANSI;ISO ISO 11133-2:2003.RefMedical microbiology-- Culture media -- Part 3: Dip slides for microbiological urine analysis. Berlin, Germany:Deutsches Institut fur Normung;DIN DIN 58942-3: 2003, 2003RefMicrobiology of food and animal feeding stuffs --- Horizontal method for the detection and enumeration of Listeria monocytogenes --- Part 1: Detection method, Annex B [BS 5763-18:1997]. London, UK:British Standards Institution;British Standard BS EN ISO 11290-1:1997.RefMicrobiology of food and animal feeding stuffs --- Horizontal method for the enumeration of beta-glucuronidase-positive Escherichia coli -- Part 3: Most probable number techniques using 5-bromo-4-chloro-3-indolyl-beta-D-glucuronide. London, UK:British Standards Institution;British Standard DD ISO/TS 16649-3:2005.RefMicrobiology of food and animal feeding stuffs --- Guidelines on preparation and production of culture media --- Part 2: Practical guidelines on performance testing of culture media - Annex B: Recommended test microorganisms for commonly used culture media. London, UK:British Standards Institution;British Standard DD CEN ISO/TS 11133:2003.Quality controlRefQuality Control of Microbiological Transport Systems; Approved Standard. Wayne, PA. Clinical and Laboratory Standards Institute; CLSI M40-A.Quality control strainRefAPI 20E QC Set. bioMerieux.RefBD Crystal E/NF QC Set. BD Becton Dickinson.RefBD Phoenix Gram Negative AST NMIC/ID QC Set. BD Becton Dickinson.RefMicroScan Dried Gram Negative Panel QC Set. Beckman Coulter.RefSensititre™ Automated Gram  Positive ID QC Set. Thermo Fisher Scientific.RefSensititre™ MIC Susceptibility QC Set. Thermo Fisher Scientific.RefSensititre™ Aquaculture MIC Susceptibility QC Set. Thermo Fisher Scientific.Susceptibility disc testingRefPerformance Standards for Antimicrobial Disk Susceptibility Tests; Approved Standard - 9th Edition. Wayne, PA. Clinical and Laboratory Standards Institute; CLSI M2-A9.RefMethods for Antimicrobial Disk Susceptibility Testing of Bacteria Isolated from Aquatic Animals. Wayne, PA. Clinical and Laboratory Standards Institute; CLSI M42-A.RefMethods for Antimicrobial Dilution and Disk susceptibility Testing of Infrequently Isolated or Fastidious Bacteria: Proposed Guideline. Wayne, PA. Clinical and Laboratory Standards Institute; CLSI M45-A.RefMethods for Broth Dilution Susceptibility Testing of Bacteria Isolated from Aquatic Animals. Wayne, PA. Clinical and Laboratory Standards Institute; CLSI M49-A.Susceptibility disc testing cephalothinRef. .  Literature issued December 20, 1970 on Cephalothin Discs by Eli Lilly and Co., Indianapolis, IN. : .Susceptibility disc testing chloramphenicolRefBoyle VJ, et al. Rapid, modified Kirby-Bauer susceptibility test with single, high-concentration antimicrobial disks.  Antimicrob. Agents Chemother. 3: 418-424, 1973.PubMed: 4790600Susceptibility disc testing colistin colimycinRefBoyle VJ, et al. Rapid, modified Kirby-Bauer susceptibility test with single, high-concentration antimicrobial disks.  Antimicrob. Agents Chemother. 3: 418-424, 1973.PubMed: 4790600Susceptibility disc testing gentamicins gentamicinRefBoyle VJ, et al. Rapid, modified Kirby-Bauer susceptibility test with single, high-concentration antimicrobial disks.  Antimicrob. Agents Chemother. 3: 418-424, 1973.PubMed: 4790600Susceptibility disc testing nalidixic acidRefBoyle VJ, et al. Rapid, modified Kirby-Bauer susceptibility test with single, high-concentration antimicrobial disks.  Antimicrob. Agents Chemother. 3: 418-424, 1973.PubMed: 4790600Susceptibility disc testing neomycinRefBoyle VJ, et al. Rapid, modified Kirby-Bauer susceptibility test with single, high-concentration antimicrobial disks.  Antimicrob. Agents Chemother. 3: 418-424, 1973.PubMed: 4790600Susceptibility disc testing tetracyclineRefBoyle VJ, et al. Rapid, modified Kirby-Bauer susceptibility test with single, high-concentration antimicrobial disks.  Antimicrob. Agents Chemother. 3: 418-424, 1973.PubMed: 4790600Susceptibility testingRefMethods for Dilution Antimicrobial Susceptibility Tests for Bacteria that Grow Aerobically; Approved Standard - 7th Edition. Wayne, PA. Clinical and Laboratory Standards Institute; CLSI M7-A8.RefMethods for Antimicrobial Susceptibility Testing of Anaerobic Bacteria. Wayne, PA. Clinical and Laboratory Standards Institute; CLSI M11-A7.RefPerformance Standards for Antimicrobial Disk and Dilution Susceptibility Tests for Bacteria Isolated from Animals; Approved Standard - 2nd Edition. Wayne, PA. Clinical and Laboratory Standards Institute; CLSI M31-A3.RefPerformance Standards for Antimicrobial Susceptibility Testing; Sixteenth Informational Supplement. Wayne, PA. Clinical and Laboratory Standards Institute; CLSI M100-S20, 2007RefEvaluation of Lots of Dehydrated Mueller-Hinton Broth for Antimicrobial Susceptibility testing;  Proposed Guideline. Wayne, PA. Clinical and Laboratory Standards Institute; CLSI M32-P.RefMedical microbiology; methods for the determination of susceptibility of pathogens (except mycobacteria) to antimicrobial agents: agar diffusion test. Berlin, Germany: Deutsches Institut fur Normung; DIN 58940-3: 1989RefMedical microbiology -- Methods for the determination of susceptibility of pathogens (except mycobacteria) to antimicrobial agents-- Part 7: Determination of the minimum bactericidal concentration (MBC) with the aid of microdilution. Berlin, Germany:Deutsches Institut fur Normung;DIN DIN 58940-7: 1994, 1994RefMedical microbiology: methods for the determination of susceptibility of pathogens (except mycobacteria) to antimicrobial agents; determination of MICs by agar dilution method. Berlin, Germany:Deutsches Institut fur Normung;DIN DIN 58940-6: 1989, 1989RefMedical microbiology -- Susceptibility testing of microbial pathogens to antimicrobial agents -- Part 81: Microdilution; Special requirements for testing of non-fastidious bacteria. Berlin, Germany: Deutsches Institut fur Normung; DIN 58940-81: 2002RefClinical laboratory testing and in vitro diagnostic test systems --- Susceptibility testing of infectious agents and evaluation of performance of antimicrobial susceptibility test devices --- Part 1: Reference method for testing the in vitro activity of antimicrobial agents against rapidly growing aerobic bacteria involved in infectious diseases. London, UK:British Standards Institution;British Standard BS EN ISO 20776-1:2006.TestingRefAeromonas in Finished Water by Membrane Filtration using Ampicillin-Dextrin Agar with Vancomycin (ADA-V). Washington, DC:Environmental Protection Agency;EPA EPA Method 1605, 2001Quality control strain for Abbott, API, Autobac, BBL, bioMerieux VITEK, Biosynth, Difco, IDS, Micro-Media, MicroScan®, Roche Diagnostics, and Sensititre products.Recommended as a test microorganism for ASTM E2149; Standard Test Method for Determining the Antimicrobial Activity of Antimicrobial Agents Under Dynamic Contact Conditions",Unknown,"GenBankAX110212Sequence 945 from Patent WO0123604.GenBankAX110242Sequence 975 from Patent WO0123604.GenBankAX111547Sequence 2280 from Patent WO0123604.GenBankX80724E. coli (ATCC 25922) gene for 16S rRNA.GenBankAF038431Escherichia coli DNA gyrase A (gyrA) gene, partial cds.","7,291,480",Unknown,Unknown,Unknown,Unknown,Unknown,Unknown
NBF,25922,Escherichia coli(Migula) Castellani and Chalmers,"FDA strain Seattle 1946 [DSM 1103, NCIB 12210]",Preceptrol culture,No,Clinical isolate,Unknown,United States; Washington; Seattle,1967,ATCC Medium 18: Trypticase Soy Agar/Broth,37°C,Aerobic,Open thawed vial.Aseptically transfer the entire contents to a 5-6 mL tube of #18 broth. Additional test tubes can be inoculated by transferring 0.5 mL of the primary broth tube to these secondary tubes.Use several drops of the primary broth tube to inoculate a #18 plate and/or #18 agar slant.Incubate at 37°C for 24 hours.,Frozen,-80°C or colder,BSL 1,https://www.atcc.org/api/product/sds?atcc_number=25922,https://www.atcc.org/products/25922,"This product is intended for laboratory research use only. It is not intended for any animal or human therapeutic use, any human or animal consumption, or any diagnostic use.",Permit required for delivery (check ATCC catalog terms),Yes,"GenBankAX110212Sequence 945 from Patent WO0123604.GenBankAX110242Sequence 975 from Patent WO0123604.GenBankAX111547Sequence 2280 from Patent WO0123604.GenBankX80724E. coli (ATCC 25922) gene for 16S rRNA.GenBankAF038431Escherichia coli DNA gyrase A (gyrA) gene, partial cds.","O6,  Biotype 1",Whole-genome Sequencing,"ATCC 25922is a recommended reference strain for antibiotic susceptibility testing. It has been found that passage in broth often results in a change in MIC levels. Therefore, it is best to keep it on agar and to make stocks for storage immediately. Repeated passage is discouraged.Purified genomic DNA of this strain is available as ATCC 25922D-5.Additional information on this culture is available on the ATCC web site at www.atcc.org.",BioinformaticsFood testingMedia testingQuality controlWater testing,"Susceptibility disc testing cephalexinRef. .  Literature issued December 20, 1970 on Cephalothin Discs by Eli Lilly and Co., Indianapolis, IN. : .Susceptibility disc testing cephaloglycinRef. .  Literature issued December 20, 1970 on Cephalothin Discs by Eli Lilly and Co., Indianapolis, IN. : .Susceptibility disc testing kanamycinRefBoyle VJ, et al. Rapid, modified Kirby-Bauer susceptibility test with single, high-concentration antimicrobial disks.  Antimicrob. Agents Chemother. 3: 418-424, 1973.PubMed: 4790600Susceptibility disc testing cephaloridine cephalomycinRefPerformance Standards for Antimicrobial Disk and Dilution Susceptibility Tests for Bacteria Isolated from Animals; Approved Standard - 2nd Edition. Wayne, PA. Clinical and Laboratory Standards Institute; CLSI M31-A3.Ref. .  Literature issued December 20, 1970 on Cephalothin Discs by Eli Lilly and Co., Indianapolis, IN. : .Food testingControl CultureRefIdentification of Foodborne Bacterial Pathogens by Gene Probes: Enterotoxigenic Escherichia coli: Heat-Stable Enterotoxin (Human), Heat-Stable Enterotoxin (Porcine), and Heat-Labile Enterotoxin. Washington, DC:US Food & Drug Administration;Bacteriological Analytical Manual Online Chapt. 24, 2001RefFecal Coliforms in Sewage Sludge (Biosolids) by Multiple-Tube Fermenatation using A-1 medium. Washington, DC:Environmental Protection Agency;EPA EPA Method 1681, 2005RefSalmonella in Sewage Sludge (Biosolids) by Modified Semisolid Rappaport-Vassiliadis (MSRV) Medium. Washington, DC:Environmental Protection Agency;EPA EPA Method 1682, 2005Control strainRefMethodology for the Serum Bactericidal test: Approved Guideline. Wayne, PA. Clinical and Laboratory Standards Institute; CLSI M21-A.RefMethods for Determining Bactericidal Activity of Antimicrobial Agents; Approved Guideline. Wayne, PA. Clinical and Laboratory Standards Institute; CLSI M26-A.RefProcedures for the Recovery and Identification of Parasites from the Intestinal Tract: Approved Guideline - 2nd Edition. Wayne, PA. Clinical and Laboratory Standards Institute; CLSI M28-A2.Evaluation of Mueller-Hinton agarRefProtocols for Evaluating Dehydrated Mueller-Hinton Agar; Approved Standard. Wayne, PA. Clinical and Laboratory Standards Institute; CLSI M6-A2.RefUS General Services Administration Mueller Hinton Medium, dehydrated. Washington, DC:US General Services Administration;Commercial Item Description A-A-50904A, 1986Media testingRefQuality Control for Commercially Prepared Microbiological Culture Media; Approved Standard - 3rd Edition. Wayne, PA. Clinical and Laboratory Standards Institute; CLSI M22-A3.RefFood microbiology. Method 12.3: Microbiology of food and animal feeding stuffs -- Horizontal method for the enumeration of coagulase-positive staphylococci (Staphyloccus aureus and other species)--Detection and MPN technique for low numbers. Sydney, NSW, Australia:Standards Australia;Standards Australia AS 5013.12.3:2004.RefMicrobiology of food and animal feeding stuffs--Guidelines on preparation and production of culture media-- Part 2: Practical guidelines on performance testing of culture media.. Geneva (Switzerland):International Organization for Standardization/ANSI;ISO ISO 11133-2:2003.RefMedical microbiology-- Culture media -- Part 3: Dip slides for microbiological urine analysis. Berlin, Germany:Deutsches Institut fur Normung;DIN DIN 58942-3: 2003, 2003RefMicrobiology of food and animal feeding stuffs --- Horizontal method for the detection and enumeration of Listeria monocytogenes --- Part 1: Detection method, Annex B [BS 5763-18:1997]. London, UK:British Standards Institution;British Standard BS EN ISO 11290-1:1997.RefMicrobiology of food and animal feeding stuffs --- Horizontal method for the enumeration of beta-glucuronidase-positive Escherichia coli -- Part 3: Most probable number techniques using 5-bromo-4-chloro-3-indolyl-beta-D-glucuronide. London, UK:British Standards Institution;British Standard DD ISO/TS 16649-3:2005.RefMicrobiology of food and animal feeding stuffs --- Guidelines on preparation and production of culture media --- Part 2: Practical guidelines on performance testing of culture media - Annex B: Recommended test microorganisms for commonly used culture media. London, UK:British Standards Institution;British Standard DD CEN ISO/TS 11133:2003.Quality controlRefQuality Control of Microbiological Transport Systems; Approved Standard. Wayne, PA. Clinical and Laboratory Standards Institute; CLSI M40-A.Quality control strainRefAPI 20E QC Set. bioMerieux.RefBD Crystal E/NF QC Set. BD Becton Dickinson.RefBD Phoenix Gram Negative AST NMIC/ID QC Set. BD Becton Dickinson.RefMicroScan Dried Gram Negative Panel QC Set. Beckman Coulter.RefSensititre™ Automated Gram  Positive ID QC Set. Thermo Fisher Scientific.RefSensititre™ MIC Susceptibility QC Set. Thermo Fisher Scientific.RefSensititre™ Aquaculture MIC Susceptibility QC Set. Thermo Fisher Scientific.Susceptibility disc testingRefPerformance Standards for Antimicrobial Disk Susceptibility Tests; Approved Standard - 9th Edition. Wayne, PA. Clinical and Laboratory Standards Institute; CLSI M2-A9.RefMethods for Antimicrobial Disk Susceptibility Testing of Bacteria Isolated from Aquatic Animals. Wayne, PA. Clinical and Laboratory Standards Institute; CLSI M42-A.RefMethods for Antimicrobial Dilution and Disk susceptibility Testing of Infrequently Isolated or Fastidious Bacteria: Proposed Guideline. Wayne, PA. Clinical and Laboratory Standards Institute; CLSI M45-A.RefMethods for Broth Dilution Susceptibility Testing of Bacteria Isolated from Aquatic Animals. Wayne, PA. Clinical and Laboratory Standards Institute; CLSI M49-A.Susceptibility disc testing cephalothinRef. .  Literature issued December 20, 1970 on Cephalothin Discs by Eli Lilly and Co., Indianapolis, IN. : .Susceptibility disc testing chloramphenicolRefBoyle VJ, et al. Rapid, modified Kirby-Bauer susceptibility test with single, high-concentration antimicrobial disks.  Antimicrob. Agents Chemother. 3: 418-424, 1973.PubMed: 4790600Susceptibility disc testing colistin colimycinRefBoyle VJ, et al. Rapid, modified Kirby-Bauer susceptibility test with single, high-concentration antimicrobial disks.  Antimicrob. Agents Chemother. 3: 418-424, 1973.PubMed: 4790600Susceptibility disc testing gentamicins gentamicinRefBoyle VJ, et al. Rapid, modified Kirby-Bauer susceptibility test with single, high-concentration antimicrobial disks.  Antimicrob. Agents Chemother. 3: 418-424, 1973.PubMed: 4790600Susceptibility disc testing nalidixic acidRefBoyle VJ, et al. Rapid, modified Kirby-Bauer susceptibility test with single, high-concentration antimicrobial disks.  Antimicrob. Agents Chemother. 3: 418-424, 1973.PubMed: 4790600Susceptibility disc testing neomycinRefBoyle VJ, et al. Rapid, modified Kirby-Bauer susceptibility test with single, high-concentration antimicrobial disks.  Antimicrob. Agents Chemother. 3: 418-424, 1973.PubMed: 4790600Susceptibility disc testing tetracyclineRefBoyle VJ, et al. Rapid, modified Kirby-Bauer susceptibility test with single, high-concentration antimicrobial disks.  Antimicrob. Agents Chemother. 3: 418-424, 1973.PubMed: 4790600Susceptibility testingRefMethods for Dilution Antimicrobial Susceptibility Tests for Bacteria that Grow Aerobically; Approved Standard - 7th Edition. Wayne, PA. Clinical and Laboratory Standards Institute; CLSI M7-A8.RefMethods for Antimicrobial Susceptibility Testing of Anaerobic Bacteria. Wayne, PA. Clinical and Laboratory Standards Institute; CLSI M11-A7.RefPerformance Standards for Antimicrobial Disk and Dilution Susceptibility Tests for Bacteria Isolated from Animals; Approved Standard - 2nd Edition. Wayne, PA. Clinical and Laboratory Standards Institute; CLSI M31-A3.RefPerformance Standards for Antimicrobial Susceptibility Testing; Sixteenth Informational Supplement. Wayne, PA. Clinical and Laboratory Standards Institute; CLSI M100-S20, 2007RefEvaluation of Lots of Dehydrated Mueller-Hinton Broth for Antimicrobial Susceptibility testing;  Proposed Guideline. Wayne, PA. Clinical and Laboratory Standards Institute; CLSI M32-P.RefMedical microbiology; methods for the determination of susceptibility of pathogens (except mycobacteria) to antimicrobial agents: agar diffusion test. Berlin, Germany: Deutsches Institut fur Normung; DIN 58940-3: 1989RefMedical microbiology -- Methods for the determination of susceptibility of pathogens (except mycobacteria) to antimicrobial agents-- Part 7: Determination of the minimum bactericidal concentration (MBC) with the aid of microdilution. Berlin, Germany:Deutsches Institut fur Normung;DIN DIN 58940-7: 1994, 1994RefMedical microbiology: methods for the determination of susceptibility of pathogens (except mycobacteria) to antimicrobial agents; determination of MICs by agar dilution method. Berlin, Germany:Deutsches Institut fur Normung;DIN DIN 58940-6: 1989, 1989RefMedical microbiology -- Susceptibility testing of microbial pathogens to antimicrobial agents -- Part 81: Microdilution; Special requirements for testing of non-fastidious bacteria. Berlin, Germany: Deutsches Institut fur Normung; DIN 58940-81: 2002RefClinical laboratory testing and in vitro diagnostic test systems --- Susceptibility testing of infectious agents and evaluation of performance of antimicrobial susceptibility test devices --- Part 1: Reference method for testing the in vitro activity of antimicrobial agents against rapidly growing aerobic bacteria involved in infectious diseases. London, UK:British Standards Institution;British Standard BS EN ISO 20776-1:2006.TestingRefAeromonas in Finished Water by Membrane Filtration using Ampicillin-Dextrin Agar with Vancomycin (ADA-V). Washington, DC:Environmental Protection Agency;EPA EPA Method 1605, 2001Quality control strain for Abbott, API, Autobac, BBL, bioMerieux VITEK, Biosynth, Difco, IDS, Micro-Media, MicroScan®, Roche Diagnostics, and Sensititre products.Recommended as a test microorganism for ASTM E2149; Standard Test Method for Determining the Antimicrobial Activity of Antimicrobial Agents Under Dynamic Contact Conditions",Unknown,"GenBankAX110212Sequence 945 from Patent WO0123604.GenBankAX110242Sequence 975 from Patent WO0123604.GenBankAX111547Sequence 2280 from Patent WO0123604.GenBankX80724E. coli (ATCC 25922) gene for 16S rRNA.GenBankAF038431Escherichia coli DNA gyrase A (gyrA) gene, partial cds.","7,291,480",Unknown,Unknown,Unknown,Unknown,Unknown,Unknown
subsp marcescens,13880,Serratia marcescenssubsp.marcescensBizio,"BS 303 [CDC 813-60, NCIB 9155, NCTC 10211]",Preceptrol culture,Yes,Pond water,Environmental,Unknown,Unknown,ATCC Medium 3: Nutrient agar or nutrient broth,26°C,Aerobic,"Open vial.Using a single tube of #3 broth (5 to 6 mL), withdraw approximately 0.5 to 1.0 mL with a Pasteur or 1.0 mL pipette. Rehydrate the entire pellet.Aseptically transfer this aliquot back into the broth tube. Mix well.Use several drops of the suspension to inoculate a #3 agar slant and/or plate.Incubate the tubes and plate at 26°C for 24 to 48 hours.",Freeze-dried,2°C to 8°C,BSL 1,https://www.atcc.org/api/product/sds?atcc_number=13880,https://www.atcc.org/products/13880,"This product is intended for laboratory research use only. It is not intended for any animal or human therapeutic use, any human or animal consumption, or any diagnostic use.",Permit required for delivery (check ATCC catalog terms),Yes,"GenBankAX109624Sequence 357 from Patent WO0123604.GenBankM59160Serratia marcescens 16S ribosomal RNA.GenBankAF052260Serratia marcescens DNA gyrase A (gyrA) gene, partial cds.GenBankM33965S.marcescens alkaline phosphatase (phoA) gene, complete cds.GenBankU77449Serratia marcescens RNA polymerase beta-subunit (rpoB) gene, partial cds.GenBankM63373S.marcescens glyceraldehyde-3-phosphate dehydrogenase (gap) gene, partial cds.",Unknown,Whole-genome Sequencing,Unknown,Unknown,"Produces aspartylglucosaminidase  aspartylglucosylamine deaspartylase, N(4)-(beta-N-acetylglucosaminyl)-L-asparaginaseProduces follicle-stimulating hormone binding inhibitor FSH-BITesting",Unknown,"GenBankAX109624Sequence 357 from Patent WO0123604.GenBankM59160Serratia marcescens 16S ribosomal RNA.GenBankAF052260Serratia marcescens DNA gyrase A (gyrA) gene, partial cds.GenBankM33965S.marcescens alkaline phosphatase (phoA) gene, complete cds.GenBankU77449Serratia marcescens RNA polymerase beta-subunit (rpoB) gene, partial cds.GenBankM63373S.marcescens glyceraldehyde-3-phosphate dehydrogenase (gap) gene, partial cds.",Unknown,Unknown,Unknown,Unknown,Unknown,Unknown,Unknown
subsp marcescens,13880,Serratia marcescenssubsp.marcescensBizio,"BS 303 [CDC 813-60, NCIB 9155, NCTC 10211]",Preceptrol culture,Yes,Pond water,Environmental,Unknown,Unknown,ATCC Medium 3: Nutrient agar or nutrient broth,26°C,Aerobic,"Open vial.Using a single tube of #3 broth (5 to 6 mL), withdraw approximately 0.5 to 1.0 mL with a Pasteur or 1.0 mL pipette. Rehydrate the entire pellet.Aseptically transfer this aliquot back into the broth tube. Mix well.Use several drops of the suspension to inoculate a #3 agar slant and/or plate.Incubate the tubes and plate at 26°C for 24 to 48 hours.",Freeze-dried,2°C to 8°C,BSL 1,https://www.atcc.org/api/product/sds?atcc_number=13880,https://www.atcc.org/products/13880,"This product is intended for laboratory research use only. It is not intended for any animal or human therapeutic use, any human or animal consumption, or any diagnostic use.",Permit required for delivery (check ATCC catalog terms),Yes,"GenBankAX109624Sequence 357 from Patent WO0123604.GenBankM59160Serratia marcescens 16S ribosomal RNA.GenBankAF052260Serratia marcescens DNA gyrase A (gyrA) gene, partial cds.GenBankM33965S.marcescens alkaline phosphatase (phoA) gene, complete cds.GenBankU77449Serratia marcescens RNA polymerase beta-subunit (rpoB) gene, partial cds.GenBankM63373S.marcescens glyceraldehyde-3-phosphate dehydrogenase (gap) gene, partial cds.",Unknown,Whole-genome Sequencing,Unknown,Unknown,"Produces aspartylglucosaminidase  aspartylglucosylamine deaspartylase, N(4)-(beta-N-acetylglucosaminyl)-L-asparaginaseProduces follicle-stimulating hormone binding inhibitor FSH-BITesting",Unknown,"GenBankAX109624Sequence 357 from Patent WO0123604.GenBankM59160Serratia marcescens 16S ribosomal RNA.GenBankAF052260Serratia marcescens DNA gyrase A (gyrA) gene, partial cds.GenBankM33965S.marcescens alkaline phosphatase (phoA) gene, complete cds.GenBankU77449Serratia marcescens RNA polymerase beta-subunit (rpoB) gene, partial cds.GenBankM63373S.marcescens glyceraldehyde-3-phosphate dehydrogenase (gap) gene, partial cds.",Unknown,Unknown,Unknown,Unknown,Unknown,Unknown,Unknown
ATCC 700324,700324,Klebsiella oxytoca(Flugge) Lautrop,LBM 90.11.033,Preceptrol culture,No,Unknown,Unknown,Unknown,Unknown,ATCC Medium 18: Trypticase Soy Agar/Broth,37°C,Aerobic,"Open vial according to enclosed instructions.Using a single tube of #18 broth (5 to 6 mL), withdraw approximately 0.5 to 1.0 mL with a Pasteur or 1.0 mL pipette. Rehydrate the entire pellet.Aseptically transfer this aliquot back into the broth tube. Mix well.Use several drops of the suspension to inoculate a #18 agar slant and/or plate.Incubate the tubes and plate at 37°C for 24 hours.",Freeze-dried,2°C to 8°C,BSL 2,https://www.atcc.org/api/product/sds?atcc_number=700324,https://www.atcc.org/products/700324,"This product is intended for laboratory research use only. It is not intended for any animal or human therapeutic use, any human or animal consumption, or any diagnostic use.",Permit required for delivery (check ATCC catalog terms),Yes,Unknown,Unknown,Whole-genome Sequencing,Unknown,Quality control,Quality control strain,NCRR Contract,Unknown,Unknown,Unknown,Unknown,Unknown,Unknown,Unknown,Unknown
ATCC 700324,700324,Klebsiella oxytoca(Flugge) Lautrop,LBM 90.11.033,Preceptrol culture,No,Unknown,Unknown,Unknown,Unknown,ATCC Medium 18: Trypticase Soy Agar/Broth,37°C,Aerobic,"Open vial according to enclosed instructions.Using a single tube of #18 broth (5 to 6 mL), withdraw approximately 0.5 to 1.0 mL with a Pasteur or 1.0 mL pipette. Rehydrate the entire pellet.Aseptically transfer this aliquot back into the broth tube. Mix well.Use several drops of the suspension to inoculate a #18 agar slant and/or plate.Incubate the tubes and plate at 37°C for 24 hours.",Freeze-dried,2°C to 8°C,BSL 2,https://www.atcc.org/api/product/sds?atcc_number=700324,https://www.atcc.org/products/700324,"This product is intended for laboratory research use only. It is not intended for any animal or human therapeutic use, any human or animal consumption, or any diagnostic use.",Permit required for delivery (check ATCC catalog terms),Yes,Unknown,Unknown,Whole-genome Sequencing,Unknown,Quality control,Quality control strain,NCRR Contract,Unknown,Unknown,Unknown,Unknown,Unknown,Unknown,Unknown,Unknown
ATCC 19433,19433,Enterococcus faecalis(Andrewes and Horder) Schleifer and Kilpper-Balz,"NCTC 775 [DSM 20478, JCM 8726, NCDO 581, Tissier]",Preceptrol culture,Yes,Unknown,Unknown,Unknown,Unknown,ATCC Medium 44: Brain Heart Infusion Agar/Broth,37°C,Aerobic,"Open vial according to enclosed instructions.From a single tube of #44 broth (5 to 6 mL), withdraw approximately 0.5 to 1.0 mL with a Pasteur or 1.0 mL pipette. Rehydrate the entire pellet.Aseptically transfer this aliquot back into the broth tube. Mix well.Use several drops of the suspension to inoculate a #44 agar slant and/or plate.Incubate the tubes and plate at 37°C for 24 hours.",Freeze-dried,2°C to 8°C,BSL 2,https://www.atcc.org/api/product/sds?atcc_number=19433,https://www.atcc.org/products/19433,"This product is intended for laboratory research use only. It is not intended for any animal or human therapeutic use, any human or animal consumption, or any diagnostic use.",Permit required for delivery (check ATCC catalog terms),Yes,"GenBankX86176E.faecalis dnaE and rpoD gene.GenBankX87183E.faecalis 23S-5S rRNA spacer DNA.GenBankX87182E.faecalis 16S-23S rRNA spacer DNA.GenBankY12905E.faecalis 16S rRNA gene, partial (strainATCC 19433(CCUG 19916)).GenBankAB005036Enterococcus faecalis gene for ParC subunit of DNA topoisomerase IV, partial cds.GenBankAJ387912Enterococcus faecalis partial sodA gene for superoxide dismutase, strain CIP 103015 T (ATCC 19433).",Unknown,Whole-genome Sequencing,Unknown,Media testingQuality controlWater testing,Control CultureMedia testingQuality control strainReference materialControl strain for Group DQuality control strain for Difco productsWater testing,Unknown,"GenBankX86176E.faecalis dnaE and rpoD gene.GenBankX87183E.faecalis 23S-5S rRNA spacer DNA.GenBankX87182E.faecalis 16S-23S rRNA spacer DNA.GenBankY12905E.faecalis 16S rRNA gene, partial (strainATCC 19433(CCUG 19916)).GenBankAB005036Enterococcus faecalis gene for ParC subunit of DNA topoisomerase IV, partial cds.GenBankAJ387912Enterococcus faecalis partial sodA gene for superoxide dismutase, strain CIP 103015 T (ATCC 19433).",Unknown,Unknown,Unknown,Unknown,Unknown,Unknown,Unknown
ATCC 19433,19433,Enterococcus faecalis(Andrewes and Horder) Schleifer and Kilpper-Balz,"NCTC 775 [DSM 20478, JCM 8726, NCDO 581, Tissier]",Preceptrol culture,Yes,Unknown,Unknown,Unknown,Unknown,ATCC Medium 44: Brain Heart Infusion Agar/Broth,37°C,Aerobic,"Open vial according to enclosed instructions.From a single tube of #44 broth (5 to 6 mL), withdraw approximately 0.5 to 1.0 mL with a Pasteur or 1.0 mL pipette. Rehydrate the entire pellet.Aseptically transfer this aliquot back into the broth tube. Mix well.Use several drops of the suspension to inoculate a #44 agar slant and/or plate.Incubate the tubes and plate at 37°C for 24 hours.",Freeze-dried,2°C to 8°C,BSL 2,https://www.atcc.org/api/product/sds?atcc_number=19433,https://www.atcc.org/products/19433,"This product is intended for laboratory research use only. It is not intended for any animal or human therapeutic use, any human or animal consumption, or any diagnostic use.",Permit required for delivery (check ATCC catalog terms),Yes,"GenBankX86176E.faecalis dnaE and rpoD gene.GenBankX87183E.faecalis 23S-5S rRNA spacer DNA.GenBankX87182E.faecalis 16S-23S rRNA spacer DNA.GenBankY12905E.faecalis 16S rRNA gene, partial (strainATCC 19433(CCUG 19916)).GenBankAB005036Enterococcus faecalis gene for ParC subunit of DNA topoisomerase IV, partial cds.GenBankAJ387912Enterococcus faecalis partial sodA gene for superoxide dismutase, strain CIP 103015 T (ATCC 19433).",Unknown,Whole-genome Sequencing,Unknown,Media testingQuality controlWater testing,Control CultureMedia testingQuality control strainReference materialControl strain for Group DQuality control strain for Difco productsWater testing,Unknown,"GenBankX86176E.faecalis dnaE and rpoD gene.GenBankX87183E.faecalis 23S-5S rRNA spacer DNA.GenBankX87182E.faecalis 16S-23S rRNA spacer DNA.GenBankY12905E.faecalis 16S rRNA gene, partial (strainATCC 19433(CCUG 19916)).GenBankAB005036Enterococcus faecalis gene for ParC subunit of DNA topoisomerase IV, partial cds.GenBankAJ387912Enterococcus faecalis partial sodA gene for superoxide dismutase, strain CIP 103015 T (ATCC 19433).",Unknown,Unknown,Unknown,Unknown,Unknown,Unknown,Unknown
ATCC 700831,700831,Klebsiella planticolaBagley et al.,Unknown,Unknown,No,Unknown,Unknown,Unknown,Unknown,ATCC Medium 18: Trypticase Soy Agar/Broth,26°C,Aerobic,"Open vial.Using a single tube of #18 broth (5 to 6 mL), withdraw approximately 0.5 to 1.0 mL with a Pasteur or 1.0 mL pipette.  Rehydrate the entire pellet.Transfer this aliquot back into the broth tube.  Mix well.Use several drops of the suspension to inoculate a second tube of broth, a slant, and/or plate.Incubate all tubes and plate at 26°C for 24 hours.",Freeze-dried,2°C to 8°C,BSL 2,https://www.atcc.org/api/product/sds?atcc_number=700831,https://www.atcc.org/products/700831,"This product is intended for laboratory research use only. It is not intended for any animal or human therapeutic use, any human or animal consumption, or any diagnostic use.",Permit required for delivery (check ATCC catalog terms),Yes,Unknown,Unknown,Whole-genome Sequencing,Unknown,Infectious disease researchRespiratory disease research,Used in biofilm studiesRespiratory research,Unknown,Unknown,Unknown,Unknown,Unknown,Unknown,Unknown,Unknown,Unknown
ATCC 700831,700831,Klebsiella planticolaBagley et al.,Unknown,Unknown,No,Unknown,Unknown,Unknown,Unknown,ATCC Medium 18: Trypticase Soy Agar/Broth,26°C,Aerobic,"Open vial.Using a single tube of #18 broth (5 to 6 mL), withdraw approximately 0.5 to 1.0 mL with a Pasteur or 1.0 mL pipette.  Rehydrate the entire pellet.Transfer this aliquot back into the broth tube.  Mix well.Use several drops of the suspension to inoculate a second tube of broth, a slant, and/or plate.Incubate all tubes and plate at 26°C for 24 hours.",Freeze-dried,2°C to 8°C,BSL 2,https://www.atcc.org/api/product/sds?atcc_number=700831,https://www.atcc.org/products/700831,"This product is intended for laboratory research use only. It is not intended for any animal or human therapeutic use, any human or animal consumption, or any diagnostic use.",Permit required for delivery (check ATCC catalog terms),Yes,Unknown,Unknown,Whole-genome Sequencing,Unknown,Infectious disease researchRespiratory disease research,Used in biofilm studiesRespiratory research,Unknown,Unknown,Unknown,Unknown,Unknown,Unknown,Unknown,Unknown,Unknown
ATCC 19615,19615,Streptococcus pyogenesRosenbach,Bruno [CIP 104226],Preceptrol culture,No,Pharynx of child following episode of sore throat,Human,Unknown,Unknown,ATCC Medium 44: Brain Heart Infusion Agar/BrothATCC Medium 260: Trypticase soy agar/broth with defibrinated sheep blood,37°C,"95% Air, 5% CO2","Open vial according to enclosed instructions.Using a single tube of #44 broth (5 to 6 mL), withdraw approximately 0.5 to 1.0 mL with a Pasteur or 1.0 mL pipette. Rehydrate the entire pellet.Aseptically transfer this aliquot back into the broth tube. Mix well.Use several drops of the suspension to inoculate a #260 agar slant and/or plate.Incubate the tubes and plate at 37°C for 24 hours in an atmosphere of 5% CO2.",Freeze-dried,2°C to 8°C,BSL 2,https://www.atcc.org/api/product/sds?atcc_number=19615,https://www.atcc.org/products/19615,"This product is intended for laboratory research use only. It is not intended for any animal or human therapeutic use, any human or animal consumption, or any diagnostic use.",Permit required for delivery (check ATCC catalog terms),Yes,"GenBankU02921Streptococcus pyogenesATCC 1961516S rRNA gene, partial sequence.",Unknown,Whole-genome Sequencing,Unknown,BioinformaticsMedia testingQuality controlPharmaceutical testing,"Sterility testingMedia testingQuality controlControl strain forStreptococcusGroup AQuality control strain for BBL, bioMerieux Vitek, IDS, and Micro-Media productsEmerging infectious disease researchPharmaceutical and Personal CareRecommended as a test microorganism for EP 2.6.27 Microbiological Control of Cellular Products",Unknown,"GenBankU02921Streptococcus pyogenesATCC 1961516S rRNA gene, partial sequence.",Unknown,Unknown,Unknown,Unknown,Unknown,Unknown,Unknown
ATCC 19615,19615,Streptococcus pyogenesRosenbach,Bruno [CIP 104226],Preceptrol culture,No,Pharynx of child following episode of sore throat,Human,Unknown,Unknown,ATCC Medium 44: Brain Heart Infusion Agar/BrothATCC Medium 260: Trypticase soy agar/broth with defibrinated sheep blood,37°C,"95% Air, 5% CO2","Open vial according to enclosed instructions.Using a single tube of #44 broth (5 to 6 mL), withdraw approximately 0.5 to 1.0 mL with a Pasteur or 1.0 mL pipette. Rehydrate the entire pellet.Aseptically transfer this aliquot back into the broth tube. Mix well.Use several drops of the suspension to inoculate a #260 agar slant and/or plate.Incubate the tubes and plate at 37°C for 24 hours in an atmosphere of 5% CO2.",Freeze-dried,2°C to 8°C,BSL 2,https://www.atcc.org/api/product/sds?atcc_number=19615,https://www.atcc.org/products/19615,"This product is intended for laboratory research use only. It is not intended for any animal or human therapeutic use, any human or animal consumption, or any diagnostic use.",Permit required for delivery (check ATCC catalog terms),Yes,"GenBankU02921Streptococcus pyogenesATCC 1961516S rRNA gene, partial sequence.",Unknown,Whole-genome Sequencing,Unknown,BioinformaticsMedia testingQuality controlPharmaceutical testing,"Sterility testingMedia testingQuality controlControl strain forStreptococcusGroup AQuality control strain for BBL, bioMerieux Vitek, IDS, and Micro-Media productsEmerging infectious disease researchPharmaceutical and Personal CareRecommended as a test microorganism for EP 2.6.27 Microbiological Control of Cellular Products",Unknown,"GenBankU02921Streptococcus pyogenesATCC 1961516S rRNA gene, partial sequence.",Unknown,Unknown,Unknown,Unknown,Unknown,Unknown,Unknown
ATCC 19434,19434,Enterococcus faecium(Orla-Jensen) Schleifer and Kilpper-Balz,"NCTC 7171 [DSM 20477, JCM 8727, NCDO 942]",Preceptrol culture,Yes,Unknown,Unknown,Unknown,Unknown,ATCC Medium 44: Brain Heart Infusion Agar/Broth,37°C,Aerobic,"Open vial according to enclosed instructions.Using a single tube of #44 broth (5 to 6 mL), withdraw approximately 0.5 to 1.0 mL with a Pasteur or 1.0 mL pipette. Rehydrate the entire pellet.Aseptically transfer this aliquot back into the broth tube. Mix well.Use several drops of the suspension to inoculate a #44 agar slant and/or plate.Incubate the tubes and plate at 37°C for 24 hours.",Freeze-dried,2°C to 8°C,BSL 2,https://www.atcc.org/api/product/sds?atcc_number=19434,https://www.atcc.org/products/19434,"This product is intended for laboratory research use only. It is not intended for any animal or human therapeutic use, any human or animal consumption, or any diagnostic use.",Permit required for delivery (check ATCC catalog terms),Yes,"GenBankAH005622Enterococcus faecium.GenBankAX109559Sequence 292 from Patent WO0123604.GenBankAX109875Sequence 608 from Patent WO0123604.GenBankAX109888Sequence 621 from Patent WO0123604.GenBankAX111137Sequence 1870 from Patent WO0123604.GenBankL78127Enterococcus faecium genomic DNA fragment.GenBankX87181E.faecium 23S-5S rRNA spacer DNA, strain ATCC 19434.GenBankX87180E.faecium 16S-23S rRNA spacer DNA, strain ATCC 19434.GenBankAF029770Enterococcus faecium clone pEMH19 insertion sequence IS1485 left junction.GenBankAF029771Enterococcus faecium clone pEMH19 insertion sequence IS1485 right junction.GenBankAJ387913Enterococcus faecium partial sodA gene for superoxide dismutase, strain CIP 103014 T (ATCC 19434).",Grumbach serotype 11,Whole-genome Sequencing,Unknown,Enteric disease researchInfectious disease research,Testing antimicrobial handwashing formulations,Unknown,"GenBankAH005622Enterococcus faecium.GenBankAX109559Sequence 292 from Patent WO0123604.GenBankAX109875Sequence 608 from Patent WO0123604.GenBankAX109888Sequence 621 from Patent WO0123604.GenBankAX111137Sequence 1870 from Patent WO0123604.GenBankL78127Enterococcus faecium genomic DNA fragment.GenBankX87181E.faecium 23S-5S rRNA spacer DNA, strain ATCC 19434.GenBankX87180E.faecium 16S-23S rRNA spacer DNA, strain ATCC 19434.GenBankAF029770Enterococcus faecium clone pEMH19 insertion sequence IS1485 left junction.GenBankAF029771Enterococcus faecium clone pEMH19 insertion sequence IS1485 right junction.GenBankAJ387913Enterococcus faecium partial sodA gene for superoxide dismutase, strain CIP 103014 T (ATCC 19434).",Unknown,Unknown,Unknown,Unknown,Unknown,Unknown,Unknown
ATCC 19434,19434,Enterococcus faecium(Orla-Jensen) Schleifer and Kilpper-Balz,"NCTC 7171 [DSM 20477, JCM 8727, NCDO 942]",Preceptrol culture,Yes,Unknown,Unknown,Unknown,Unknown,ATCC Medium 44: Brain Heart Infusion Agar/Broth,37°C,Aerobic,"Open vial according to enclosed instructions.Using a single tube of #44 broth (5 to 6 mL), withdraw approximately 0.5 to 1.0 mL with a Pasteur or 1.0 mL pipette. Rehydrate the entire pellet.Aseptically transfer this aliquot back into the broth tube. Mix well.Use several drops of the suspension to inoculate a #44 agar slant and/or plate.Incubate the tubes and plate at 37°C for 24 hours.",Freeze-dried,2°C to 8°C,BSL 2,https://www.atcc.org/api/product/sds?atcc_number=19434,https://www.atcc.org/products/19434,"This product is intended for laboratory research use only. It is not intended for any animal or human therapeutic use, any human or animal consumption, or any diagnostic use.",Permit required for delivery (check ATCC catalog terms),Yes,"GenBankAH005622Enterococcus faecium.GenBankAX109559Sequence 292 from Patent WO0123604.GenBankAX109875Sequence 608 from Patent WO0123604.GenBankAX109888Sequence 621 from Patent WO0123604.GenBankAX111137Sequence 1870 from Patent WO0123604.GenBankL78127Enterococcus faecium genomic DNA fragment.GenBankX87181E.faecium 23S-5S rRNA spacer DNA, strain ATCC 19434.GenBankX87180E.faecium 16S-23S rRNA spacer DNA, strain ATCC 19434.GenBankAF029770Enterococcus faecium clone pEMH19 insertion sequence IS1485 left junction.GenBankAF029771Enterococcus faecium clone pEMH19 insertion sequence IS1485 right junction.GenBankAJ387913Enterococcus faecium partial sodA gene for superoxide dismutase, strain CIP 103014 T (ATCC 19434).",Grumbach serotype 11,Whole-genome Sequencing,Unknown,Enteric disease researchInfectious disease research,Testing antimicrobial handwashing formulations,Unknown,"GenBankAH005622Enterococcus faecium.GenBankAX109559Sequence 292 from Patent WO0123604.GenBankAX109875Sequence 608 from Patent WO0123604.GenBankAX109888Sequence 621 from Patent WO0123604.GenBankAX111137Sequence 1870 from Patent WO0123604.GenBankL78127Enterococcus faecium genomic DNA fragment.GenBankX87181E.faecium 23S-5S rRNA spacer DNA, strain ATCC 19434.GenBankX87180E.faecium 16S-23S rRNA spacer DNA, strain ATCC 19434.GenBankAF029770Enterococcus faecium clone pEMH19 insertion sequence IS1485 left junction.GenBankAF029771Enterococcus faecium clone pEMH19 insertion sequence IS1485 right junction.GenBankAJ387913Enterococcus faecium partial sodA gene for superoxide dismutase, strain CIP 103014 T (ATCC 19434).",Unknown,Unknown,Unknown,Unknown,Unknown,Unknown,Unknown
subsp. pneumoniae,13883,Klebsiella pneumoniaesubsp.pneumoniae(Schroeter) Trevisan,"NCTC 9633 [NCDC 298-53, NCDC 410-68]",Preceptrol culture,Yes,Unknown,Unknown,Unknown,Unknown,ATCC Medium 3: Nutrient agar or nutrient broth,37°C,Aerobic,"Open vial according to enclosed instructions.Using a single tube of #3 broth (5 to 6 mL), withdraw approximately 0.5 to 1.0 mL with a Pasteur or 1.0 mL pipette. Rehydrate the entire pellet.Aseptically transfer this aliquot back into the broth tube. Mix well.Use several drops of the suspension to inoculate a #3 agar slant and/or plate.Incubate all tubes and plate at 37°C for 24 hours.",Freeze-dried,2°C to 8°C,BSL 2,https://www.atcc.org/api/product/sds?atcc_number=13883,https://www.atcc.org/products/13883,"This product is intended for laboratory research use only. It is not intended for any animal or human therapeutic use, any human or animal consumption, or any diagnostic use.",Permit required for delivery (check ATCC catalog terms),Yes,"GenBankX87284K.pneumoniae 23S rRNA gene,ATCC 13883T.GenBankY11487K.pneumoniae ribosomal RNA, strain ATCC13883.GenBankAX109584Sequence 317 from Patent WO0123604.GenBankAX111035Sequence 1768 from Patent WO0123604.GenBankAX111049Sequence 1782 from Patent WO0123604.GenBankAX111221Sequence 1954 from Patent WO0123604.GenBankAX111487Sequence 2220 from Patent WO0123604.GenBankAX111508Sequence 2241 from Patent WO0123604.GenBankAX111528Sequence 2261 from Patent WO0123604.GenBankAF190857Klebsiella pneumoniae cloacin operon, complete sequence.GenBankU67169Klebsiella pneumoniae flavodoxin (fldA) gene, complete cds.GenBankAF038432Klebsiella pneumoniae DNA gyrase A (gyrA) gene, partial cds.GenBankAF052258Klebsiella pneumoniae DNA gyrase A (gyrA) gene, partial cds.GenBankU77444Klebsiella pneumoniae RNA polymerase beta-subunit (rpoB) gene, partial cds.GenBankU14463Klebsiella pneumoniaeATCC 138836-phosphogluconate dehydrogenase (gnd) gene, partial cds.GenBankM66869Klebsiella pneumoniae (ATCC 13883) glyceraldehyde-3-phosphate dehydrogenase gene, partial cds.GenBankL23871Klebsiella pneumonia flavodoxin (fldA) gene, partial cds, ferric uptake regulation (fur) gene, complete cds, and citrate transport protein (citA) gene, partial cds.",3,Whole-genome Sequencing,Unknown,BioinformaticsFood testingInfectious disease researchMedia testingQuality controlRespiratory disease researchWater testing,"Assay of antimicrobial preservativesBacterial resistance testing adhesivesBioresistance testingMedia testingQuality control strainQuality control strain for Abbott, API and bioMerieux Vitek, IDS, and Sensititre productsThis strain is recommended by ATCC for use in the tests described in ASTM Standard Test Methods D4783-89 and E979-91 where only the taxon is specified.Food testingRespiratory researchRecommended as a test microorganism for ASTM E2275: Standard Practice for Evaluating Water-Miscible Metalworking Fluid Bioresistance and Antimicrobial Pesticide Performance",Unknown,"GenBankX87284K.pneumoniae 23S rRNA gene,ATCC 13883T.GenBankY11487K.pneumoniae ribosomal RNA, strain ATCC13883.GenBankAX109584Sequence 317 from Patent WO0123604.GenBankAX111035Sequence 1768 from Patent WO0123604.GenBankAX111049Sequence 1782 from Patent WO0123604.GenBankAX111221Sequence 1954 from Patent WO0123604.GenBankAX111487Sequence 2220 from Patent WO0123604.GenBankAX111508Sequence 2241 from Patent WO0123604.GenBankAX111528Sequence 2261 from Patent WO0123604.GenBankAF190857Klebsiella pneumoniae cloacin operon, complete sequence.GenBankU67169Klebsiella pneumoniae flavodoxin (fldA) gene, complete cds.GenBankAF038432Klebsiella pneumoniae DNA gyrase A (gyrA) gene, partial cds.GenBankAF052258Klebsiella pneumoniae DNA gyrase A (gyrA) gene, partial cds.GenBankU77444Klebsiella pneumoniae RNA polymerase beta-subunit (rpoB) gene, partial cds.GenBankU14463Klebsiella pneumoniaeATCC 138836-phosphogluconate dehydrogenase (gnd) gene, partial cds.GenBankM66869Klebsiella pneumoniae (ATCC 13883) glyceraldehyde-3-phosphate dehydrogenase gene, partial cds.GenBankL23871Klebsiella pneumonia flavodoxin (fldA) gene, partial cds, ferric uptake regulation (fur) gene, complete cds, and citrate transport protein (citA) gene, partial cds.",Unknown,Unknown,Unknown,Unknown,Unknown,Unknown,Unknown
subsp. pneumoniae,13883,Klebsiella pneumoniaesubsp.pneumoniae(Schroeter) Trevisan,"NCTC 9633 [NCDC 298-53, NCDC 410-68]",Preceptrol culture,Yes,Unknown,Unknown,Unknown,Unknown,ATCC Medium 3: Nutrient agar or nutrient broth,37°C,Aerobic,"Open vial according to enclosed instructions.Using a single tube of #3 broth (5 to 6 mL), withdraw approximately 0.5 to 1.0 mL with a Pasteur or 1.0 mL pipette. Rehydrate the entire pellet.Aseptically transfer this aliquot back into the broth tube. Mix well.Use several drops of the suspension to inoculate a #3 agar slant and/or plate.Incubate all tubes and plate at 37°C for 24 hours.",Freeze-dried,2°C to 8°C,BSL 2,https://www.atcc.org/api/product/sds?atcc_number=13883,https://www.atcc.org/products/13883,"This product is intended for laboratory research use only. It is not intended for any animal or human therapeutic use, any human or animal consumption, or any diagnostic use.",Permit required for delivery (check ATCC catalog terms),Yes,"GenBankX87284K.pneumoniae 23S rRNA gene,ATCC 13883T.GenBankY11487K.pneumoniae ribosomal RNA, strain ATCC13883.GenBankAX109584Sequence 317 from Patent WO0123604.GenBankAX111035Sequence 1768 from Patent WO0123604.GenBankAX111049Sequence 1782 from Patent WO0123604.GenBankAX111221Sequence 1954 from Patent WO0123604.GenBankAX111487Sequence 2220 from Patent WO0123604.GenBankAX111508Sequence 2241 from Patent WO0123604.GenBankAX111528Sequence 2261 from Patent WO0123604.GenBankAF190857Klebsiella pneumoniae cloacin operon, complete sequence.GenBankU67169Klebsiella pneumoniae flavodoxin (fldA) gene, complete cds.GenBankAF038432Klebsiella pneumoniae DNA gyrase A (gyrA) gene, partial cds.GenBankAF052258Klebsiella pneumoniae DNA gyrase A (gyrA) gene, partial cds.GenBankU77444Klebsiella pneumoniae RNA polymerase beta-subunit (rpoB) gene, partial cds.GenBankU14463Klebsiella pneumoniaeATCC 138836-phosphogluconate dehydrogenase (gnd) gene, partial cds.GenBankM66869Klebsiella pneumoniae (ATCC 13883) glyceraldehyde-3-phosphate dehydrogenase gene, partial cds.GenBankL23871Klebsiella pneumonia flavodoxin (fldA) gene, partial cds, ferric uptake regulation (fur) gene, complete cds, and citrate transport protein (citA) gene, partial cds.",3,Whole-genome Sequencing,Unknown,BioinformaticsFood testingInfectious disease researchMedia testingQuality controlRespiratory disease researchWater testing,"Assay of antimicrobial preservativesBacterial resistance testing adhesivesBioresistance testingMedia testingQuality control strainQuality control strain for Abbott, API and bioMerieux Vitek, IDS, and Sensititre productsThis strain is recommended by ATCC for use in the tests described in ASTM Standard Test Methods D4783-89 and E979-91 where only the taxon is specified.Food testingRespiratory researchRecommended as a test microorganism for ASTM E2275: Standard Practice for Evaluating Water-Miscible Metalworking Fluid Bioresistance and Antimicrobial Pesticide Performance",Unknown,"GenBankX87284K.pneumoniae 23S rRNA gene,ATCC 13883T.GenBankY11487K.pneumoniae ribosomal RNA, strain ATCC13883.GenBankAX109584Sequence 317 from Patent WO0123604.GenBankAX111035Sequence 1768 from Patent WO0123604.GenBankAX111049Sequence 1782 from Patent WO0123604.GenBankAX111221Sequence 1954 from Patent WO0123604.GenBankAX111487Sequence 2220 from Patent WO0123604.GenBankAX111508Sequence 2241 from Patent WO0123604.GenBankAX111528Sequence 2261 from Patent WO0123604.GenBankAF190857Klebsiella pneumoniae cloacin operon, complete sequence.GenBankU67169Klebsiella pneumoniae flavodoxin (fldA) gene, complete cds.GenBankAF038432Klebsiella pneumoniae DNA gyrase A (gyrA) gene, partial cds.GenBankAF052258Klebsiella pneumoniae DNA gyrase A (gyrA) gene, partial cds.GenBankU77444Klebsiella pneumoniae RNA polymerase beta-subunit (rpoB) gene, partial cds.GenBankU14463Klebsiella pneumoniaeATCC 138836-phosphogluconate dehydrogenase (gnd) gene, partial cds.GenBankM66869Klebsiella pneumoniae (ATCC 13883) glyceraldehyde-3-phosphate dehydrogenase gene, partial cds.GenBankL23871Klebsiella pneumonia flavodoxin (fldA) gene, partial cds, ferric uptake regulation (fur) gene, complete cds, and citrate transport protein (citA) gene, partial cds.",Unknown,Unknown,Unknown,Unknown,Unknown,Unknown,Unknown
ATCC 13813,13813,Streptococcus agalactiaeLehmann and Neumann,NCTC 8181 [G19],Preceptrol culture,Yes,Unknown,Unknown,Unknown,Unknown,ATCC Medium 44: Brain Heart Infusion Agar/BrothATCC Medium 260: Trypticase soy agar/broth with defibrinated sheep blood,37°C,Aerobic,"Open vial according to enclosed instructions.Using a single tube of #44 broth (5 to 6 mL), withdraw approximately 0.5 to 1.0 mL with a Pasteur or 1.0 mL pipette. Rehydrate the entire pellet.Aseptically transfer this aliquot back into the broth tube. Mix well.Use several drops of the suspension to inoculate a #260 agar slant and/or plate.Incubate the tubes and plate at 37°C for 24 hours.",Freeze-dried,2°C to 8°C,BSL 2,https://www.atcc.org/api/product/sds?atcc_number=13813,https://www.atcc.org/products/13813,"This product is intended for laboratory research use only. It is not intended for any animal or human therapeutic use, any human or animal consumption, or any diagnostic use.",Permit required for delivery (check ATCC catalog terms),Yes,"GenBankZ95893Streptococcus agalactiae sodA gene.GenBankAX109647Sequence 380 from Patent WO0123604.GenBankAF326345Streptococcus agalactiae RecA (recA) gene, complete cds.GenBankAF326346Streptococcus agalactiae thymidine kinase gene, complete cds.GenBankU02908Streptococcus agalactiaeATCC 1381316S rRNA gene, partial sequence.GenBankAB002479Streptococcus agalactiae DNA for 16S rRNA, strainATCC 13813, NCTC 8181.",Unknown,Whole-genome Sequencing,Unknown,BioinformaticsQuality control,Quality control strain,Unknown,"GenBankZ95893Streptococcus agalactiae sodA gene.GenBankAX109647Sequence 380 from Patent WO0123604.GenBankAF326345Streptococcus agalactiae RecA (recA) gene, complete cds.GenBankAF326346Streptococcus agalactiae thymidine kinase gene, complete cds.GenBankU02908Streptococcus agalactiaeATCC 1381316S rRNA gene, partial sequence.GenBankAB002479Streptococcus agalactiae DNA for 16S rRNA, strainATCC 13813, NCTC 8181.",Unknown,Unknown,Unknown,Unknown,Unknown,Unknown,Unknown
ATCC 13813,13813,Streptococcus agalactiaeLehmann and Neumann,NCTC 8181 [G19],Preceptrol culture,Yes,Unknown,Unknown,Unknown,Unknown,ATCC Medium 44: Brain Heart Infusion Agar/BrothATCC Medium 260: Trypticase soy agar/broth with defibrinated sheep blood,37°C,Aerobic,"Open vial according to enclosed instructions.Using a single tube of #44 broth (5 to 6 mL), withdraw approximately 0.5 to 1.0 mL with a Pasteur or 1.0 mL pipette. Rehydrate the entire pellet.Aseptically transfer this aliquot back into the broth tube. Mix well.Use several drops of the suspension to inoculate a #260 agar slant and/or plate.Incubate the tubes and plate at 37°C for 24 hours.",Freeze-dried,2°C to 8°C,BSL 2,https://www.atcc.org/api/product/sds?atcc_number=13813,https://www.atcc.org/products/13813,"This product is intended for laboratory research use only. It is not intended for any animal or human therapeutic use, any human or animal consumption, or any diagnostic use.",Permit required for delivery (check ATCC catalog terms),Yes,"GenBankZ95893Streptococcus agalactiae sodA gene.GenBankAX109647Sequence 380 from Patent WO0123604.GenBankAF326345Streptococcus agalactiae RecA (recA) gene, complete cds.GenBankAF326346Streptococcus agalactiae thymidine kinase gene, complete cds.GenBankU02908Streptococcus agalactiaeATCC 1381316S rRNA gene, partial sequence.GenBankAB002479Streptococcus agalactiae DNA for 16S rRNA, strainATCC 13813, NCTC 8181.",Unknown,Whole-genome Sequencing,Unknown,BioinformaticsQuality control,Quality control strain,Unknown,"GenBankZ95893Streptococcus agalactiae sodA gene.GenBankAX109647Sequence 380 from Patent WO0123604.GenBankAF326345Streptococcus agalactiae RecA (recA) gene, complete cds.GenBankAF326346Streptococcus agalactiae thymidine kinase gene, complete cds.GenBankU02908Streptococcus agalactiaeATCC 1381316S rRNA gene, partial sequence.GenBankAB002479Streptococcus agalactiae DNA for 16S rRNA, strainATCC 13813, NCTC 8181.",Unknown,Unknown,Unknown,Unknown,Unknown,Unknown,Unknown
ATCC 29906,29906,Proteus mirabilisHauser,CDC PR 14,Unknown,Yes,Unknown,Unknown,Unknown,Unknown,ATCC Medium 3: Nutrient agar or nutrient broth,37°C,Aerobic,"Open vial according to enclosed instructions.Using a single tube of #3 broth (5 to 6 mL), withdraw approximately 0.5 to 1.0 mL with a Pasteur or 1.0 mL pipette. Rehydrate the entire pellet.Aseptically transfer this aliquot back into the broth tube. Mix well.Use several drops of the suspension to inoculate a #3 agar slant and/or plate.Incubate the tubes and plate at 37°C for 24 hours.",Freeze-dried,2°C to 8°C,BSL 2,https://www.atcc.org/api/product/sds?atcc_number=29906,https://www.atcc.org/products/29906,"This product is intended for laboratory research use only. It is not intended for any animal or human therapeutic use, any human or animal consumption, or any diagnostic use.",Permit required for delivery (check ATCC catalog terms),Yes,"GenBankAF008582Proteus mirabilis 16S ribosomal RNA gene, partial sequence.GenBankU77445Proteus mirabilis RNA polymerase beta-subunit (rpoB) gene, partial cds.",Unknown,Whole-genome Sequencing,Unknown,Media testing,Assay of antimicrobial preservativesMedia testingDNA hybridization reference strain,Unknown,"GenBankAF008582Proteus mirabilis 16S ribosomal RNA gene, partial sequence.GenBankU77445Proteus mirabilis RNA polymerase beta-subunit (rpoB) gene, partial cds.",Unknown,Unknown,Unknown,Unknown,Unknown,Unknown,Unknown
ATCC 29906,29906,Proteus mirabilisHauser,CDC PR 14,Unknown,Yes,Unknown,Unknown,Unknown,Unknown,ATCC Medium 3: Nutrient agar or nutrient broth,37°C,Aerobic,"Open vial according to enclosed instructions.Using a single tube of #3 broth (5 to 6 mL), withdraw approximately 0.5 to 1.0 mL with a Pasteur or 1.0 mL pipette. Rehydrate the entire pellet.Aseptically transfer this aliquot back into the broth tube. Mix well.Use several drops of the suspension to inoculate a #3 agar slant and/or plate.Incubate the tubes and plate at 37°C for 24 hours.",Freeze-dried,2°C to 8°C,BSL 2,https://www.atcc.org/api/product/sds?atcc_number=29906,https://www.atcc.org/products/29906,"This product is intended for laboratory research use only. It is not intended for any animal or human therapeutic use, any human or animal consumption, or any diagnostic use.",Permit required for delivery (check ATCC catalog terms),Yes,"GenBankAF008582Proteus mirabilis 16S ribosomal RNA gene, partial sequence.GenBankU77445Proteus mirabilis RNA polymerase beta-subunit (rpoB) gene, partial cds.",Unknown,Whole-genome Sequencing,Unknown,Media testing,Assay of antimicrobial preservativesMedia testingDNA hybridization reference strain,Unknown,"GenBankAF008582Proteus mirabilis 16S ribosomal RNA gene, partial sequence.GenBankU77445Proteus mirabilis RNA polymerase beta-subunit (rpoB) gene, partial cds.",Unknown,Unknown,Unknown,Unknown,Unknown,Unknown,Unknown
ATCC 27061,27061,Achromobacter xylosoxidans(ex Yabuuchi and Ohyama) Yabuuchi and Yano,"KM 543 [CCUG 12689, CIP 71.32, DSM 10346, DSM 2402, EY 543, GIFL 543, IFO 15126, JCM 9659, LMG 1863, NCTC 10807, NRRL B-4082, R. Hugh 2838]",Unknown,Yes,Ear discharge,Unknown,Unknown,Unknown,ATCC Medium 3: Nutrient agar or nutrient broth,30°C,Aerobic,"Open vial according to enclosed instructions.Using a single tube of #3 broth (5 to 6 mL), withdraw approximately 0.5 to 1.0 mL with a Pasteur or 1.0 mL pipette.  Rehydrate the entire pellet.Aseptically transfer this aliquot back into the broth tube.  Mix well.Use several drops of the suspension to inoculate an additional broth tube, a #3 agar slant and/or a plate.Incubate all tubes and plate at 30°C for 24 hours.",Freeze-dried,2°C to 8°C,BSL 2,https://www.atcc.org/api/product/sds?atcc_number=27061,https://www.atcc.org/products/27061,"This product is intended for laboratory research use only. It is not intended for any animal or human therapeutic use, any human or animal consumption, or any diagnostic use.",Permit required for delivery (check ATCC catalog terms),Yes,"GenBankD8800516S rRNA sequenceGenBankX05523Achromobacter xylosoxidans GIFU 543 5S ribosomal RNA.GenBankAB009990Alcaligenes xylosoxydans gene for sigma-32 homolog, complete cds.GenBankAJ131590Achromobacter xylosoxidans ssp. xylosoxidans (strain ATCC 270610 T) 5S ribosomal RNA.",Unknown,Whole-genome Sequencing,Unknown,Quality control,Quality control strain,Unknown,"GenBankD8800516S rRNA sequenceGenBankX05523Achromobacter xylosoxidans GIFU 543 5S ribosomal RNA.GenBankAB009990Alcaligenes xylosoxydans gene for sigma-32 homolog, complete cds.GenBankAJ131590Achromobacter xylosoxidans ssp. xylosoxidans (strain ATCC 270610 T) 5S ribosomal RNA.",Unknown,Unknown,Unknown,Unknown,Unknown,Unknown,Unknown
ATCC 27061,27061,Achromobacter xylosoxidans(ex Yabuuchi and Ohyama) Yabuuchi and Yano,"KM 543 [CCUG 12689, CIP 71.32, DSM 10346, DSM 2402, EY 543, GIFL 543, IFO 15126, JCM 9659, LMG 1863, NCTC 10807, NRRL B-4082, R. Hugh 2838]",Unknown,Yes,Ear discharge,Unknown,Unknown,Unknown,ATCC Medium 3: Nutrient agar or nutrient broth,30°C,Aerobic,"Open vial according to enclosed instructions.Using a single tube of #3 broth (5 to 6 mL), withdraw approximately 0.5 to 1.0 mL with a Pasteur or 1.0 mL pipette.  Rehydrate the entire pellet.Aseptically transfer this aliquot back into the broth tube.  Mix well.Use several drops of the suspension to inoculate an additional broth tube, a #3 agar slant and/or a plate.Incubate all tubes and plate at 30°C for 24 hours.",Freeze-dried,2°C to 8°C,BSL 2,https://www.atcc.org/api/product/sds?atcc_number=27061,https://www.atcc.org/products/27061,"This product is intended for laboratory research use only. It is not intended for any animal or human therapeutic use, any human or animal consumption, or any diagnostic use.",Permit required for delivery (check ATCC catalog terms),Yes,"GenBankD8800516S rRNA sequenceGenBankX05523Achromobacter xylosoxidans GIFU 543 5S ribosomal RNA.GenBankAB009990Alcaligenes xylosoxydans gene for sigma-32 homolog, complete cds.GenBankAJ131590Achromobacter xylosoxidans ssp. xylosoxidans (strain ATCC 270610 T) 5S ribosomal RNA.",Unknown,Whole-genome Sequencing,Unknown,Quality control,Quality control strain,Unknown,"GenBankD8800516S rRNA sequenceGenBankX05523Achromobacter xylosoxidans GIFU 543 5S ribosomal RNA.GenBankAB009990Alcaligenes xylosoxydans gene for sigma-32 homolog, complete cds.GenBankAJ131590Achromobacter xylosoxidans ssp. xylosoxidans (strain ATCC 270610 T) 5S ribosomal RNA.",Unknown,Unknown,Unknown,Unknown,Unknown,Unknown,Unknown
ATCC 19414,19414,Erysipelothrix rhusiopathiae(Migula) Buchanan,NCTC 8163 [alpha-P15],Preceptrol culture,Yes,Spleen of pig with endocarditis,Animal,Unknown,Unknown,ATCC Medium 260: Trypticase soy agar/broth with defibrinated sheep blood,37°C,"95% Air, 5% CO2",Open vial according to enclosed instructions or visit www.atcc.org for instructions.Rehydrate the entire pellet with approximately 0.5 mL of #260 broth. Aseptically transfer the entire contents to a 5-6 mL tube of #260 broth. Additional test tubes can be inoculated by transferring 0.5 mL of the primary broth tube to these secondary broth tubes.Use several drops of the primary broth tube to inoculate a #260 plate and/or #260 agar slant.Incubate at 37°C for 24 hours in an atmosphere of 5% CO2.,Freeze-dried,2°C to 8°C,BSL 2,https://www.atcc.org/api/product/sds?atcc_number=19414,https://www.atcc.org/products/19414,"This product is intended for laboratory research use only. It is not intended for any animal or human therapeutic use, any human or animal consumption, or any diagnostic use.",Permit required for delivery (check ATCC catalog terms),Yes,"GenBankM23728E.rhusiopathiae 16S ribosomal RNA small subunit.GenBankAB034200Erysipelothrix rhusiopathiae gene for 16S rRNA, partial sequence.GenBankACLK01000000Erysipelothrix rhusiopathiaeATCC 19414, whole genome shotgun sequencing project.",Unknown,Whole-genome Sequencing,Unknown,Quality control,Quality control strain,Unknown,"GenBankM23728E.rhusiopathiae 16S ribosomal RNA small subunit.GenBankAB034200Erysipelothrix rhusiopathiae gene for 16S rRNA, partial sequence.GenBankACLK01000000Erysipelothrix rhusiopathiaeATCC 19414, whole genome shotgun sequencing project.",Unknown,Unknown,Unknown,Unknown,Unknown,Unknown,Unknown
ATCC 19414,19414,Erysipelothrix rhusiopathiae(Migula) Buchanan,NCTC 8163 [alpha-P15],Preceptrol culture,Yes,Spleen of pig with endocarditis,Animal,Unknown,Unknown,ATCC Medium 260: Trypticase soy agar/broth with defibrinated sheep blood,37°C,"95% Air, 5% CO2",Open vial according to enclosed instructions or visit www.atcc.org for instructions.Rehydrate the entire pellet with approximately 0.5 mL of #260 broth. Aseptically transfer the entire contents to a 5-6 mL tube of #260 broth. Additional test tubes can be inoculated by transferring 0.5 mL of the primary broth tube to these secondary broth tubes.Use several drops of the primary broth tube to inoculate a #260 plate and/or #260 agar slant.Incubate at 37°C for 24 hours in an atmosphere of 5% CO2.,Freeze-dried,2°C to 8°C,BSL 2,https://www.atcc.org/api/product/sds?atcc_number=19414,https://www.atcc.org/products/19414,"This product is intended for laboratory research use only. It is not intended for any animal or human therapeutic use, any human or animal consumption, or any diagnostic use.",Permit required for delivery (check ATCC catalog terms),Yes,"GenBankM23728E.rhusiopathiae 16S ribosomal RNA small subunit.GenBankAB034200Erysipelothrix rhusiopathiae gene for 16S rRNA, partial sequence.GenBankACLK01000000Erysipelothrix rhusiopathiaeATCC 19414, whole genome shotgun sequencing project.",Unknown,Whole-genome Sequencing,Unknown,Quality control,Quality control strain,Unknown,"GenBankM23728E.rhusiopathiae 16S ribosomal RNA small subunit.GenBankAB034200Erysipelothrix rhusiopathiae gene for 16S rRNA, partial sequence.GenBankACLK01000000Erysipelothrix rhusiopathiaeATCC 19414, whole genome shotgun sequencing project.",Unknown,Unknown,Unknown,Unknown,Unknown,Unknown,Unknown
ATCC 33317,33317,Streptococcus bovisOrla-Jensen,NCDO 597,Unknown,Yes,Cow dung,Animal,Unknown,Unknown,ATCC Medium 44: Brain Heart Infusion Agar/BrothATCC Medium 260: Trypticase soy agar/broth with defibrinated sheep blood,37°C,Aerobic,"Open vial according to enclosed instructions.Using a single tube of #44 broth (5 to 6 mL), withdraw approximately 0.5 to 1.0 mL with a Pasteur or 1.0 mL pipette.  Rehydrate the entire pellet.Aseptically transfer this aliquot back into the broth tube.  Mix well.Use several drops of the suspension to inoculate a #260 agar slant and/or plate.Incubate the tubes and plate at 37°C for 24 hours.",Freeze-dried,2°C to 8°C,BSL 1,https://www.atcc.org/api/product/sds?atcc_number=33317,https://www.atcc.org/products/33317,"This product is intended for laboratory research use only. It is not intended for any animal or human therapeutic use, any human or animal consumption, or any diagnostic use.",Permit required for delivery (check ATCC catalog terms),Yes,"GenBankZ95896Streptococcus bovis sodA gene.GenBankM58835Streptococcus bovis 16S ribosomal RNA.GenBankAF276258Streptococcus bovis elongation factor Tu (tuf) gene, partial cds.GenBankAB002482Streptococcus bovis DNA for 16S rRNA, strainATCC 33317, NCDO 597.",Unknown,Whole-genome Sequencing,Unknown,Unknown,Unknown,Unknown,"GenBankZ95896Streptococcus bovis sodA gene.GenBankM58835Streptococcus bovis 16S ribosomal RNA.GenBankAF276258Streptococcus bovis elongation factor Tu (tuf) gene, partial cds.GenBankAB002482Streptococcus bovis DNA for 16S rRNA, strainATCC 33317, NCDO 597.",Unknown,Unknown,Unknown,Unknown,Unknown,Unknown,Unknown
ATCC 33317,33317,Streptococcus bovisOrla-Jensen,NCDO 597,Unknown,Yes,Cow dung,Animal,Unknown,Unknown,ATCC Medium 44: Brain Heart Infusion Agar/BrothATCC Medium 260: Trypticase soy agar/broth with defibrinated sheep blood,37°C,Aerobic,"Open vial according to enclosed instructions.Using a single tube of #44 broth (5 to 6 mL), withdraw approximately 0.5 to 1.0 mL with a Pasteur or 1.0 mL pipette.  Rehydrate the entire pellet.Aseptically transfer this aliquot back into the broth tube.  Mix well.Use several drops of the suspension to inoculate a #260 agar slant and/or plate.Incubate the tubes and plate at 37°C for 24 hours.",Freeze-dried,2°C to 8°C,BSL 1,https://www.atcc.org/api/product/sds?atcc_number=33317,https://www.atcc.org/products/33317,"This product is intended for laboratory research use only. It is not intended for any animal or human therapeutic use, any human or animal consumption, or any diagnostic use.",Permit required for delivery (check ATCC catalog terms),Yes,"GenBankZ95896Streptococcus bovis sodA gene.GenBankM58835Streptococcus bovis 16S ribosomal RNA.GenBankAF276258Streptococcus bovis elongation factor Tu (tuf) gene, partial cds.GenBankAB002482Streptococcus bovis DNA for 16S rRNA, strainATCC 33317, NCDO 597.",Unknown,Whole-genome Sequencing,Unknown,Unknown,Unknown,Unknown,"GenBankZ95896Streptococcus bovis sodA gene.GenBankM58835Streptococcus bovis 16S ribosomal RNA.GenBankAF276258Streptococcus bovis elongation factor Tu (tuf) gene, partial cds.GenBankAB002482Streptococcus bovis DNA for 16S rRNA, strainATCC 33317, NCDO 597.",Unknown,Unknown,Unknown,Unknown,Unknown,Unknown,Unknown
ATCC 43734,43734,Corynebacterium jeikeiumJackman et al.,NCTC 11913 [IFO 15298],Unknown,Yes,Blood culture,Unknown,Unknown,Unknown,ATCC Medium 1941: Brain heart infusion agar or broth with Tween 80ATCC Medium 260: Trypticase soy agar/broth with defibrinated sheep blood,37°C,Aerobic,Open vial according to enclosed instructions or visit www.atcc.org for instructions.Rehydrate the entire pellet with approximately 0.5 mL of #1941 broth. Aseptically transfer the entire contents to a 5-6 mL tube of #1941 broth. Additional test tubes can be inoculated by transferring 0.5 mL of the primary broth tube to these secondary tubes.Use several drops of the primary broth tube to inoculate a #260 plate and/or #260 agar slant.Incubate at 37°C for 24-48 hours.,Freeze-dried,2°C to 8°C,BSL 2,https://www.atcc.org/api/product/sds?atcc_number=43734,https://www.atcc.org/products/43734,"This product is intended for laboratory research use only. It is not intended for any animal or human therapeutic use, any human or animal consumption, or any diagnostic use.",Permit required for delivery (check ATCC catalog terms),Yes,"GenBankU87823Corynebacterium jeikeium 16S ribosomal RNA gene, complete sequence.",Unknown,Whole-genome Sequencing,Unknown,Unknown,Unknown,Unknown,"GenBankU87823Corynebacterium jeikeium 16S ribosomal RNA gene, complete sequence.",Unknown,Unknown,Unknown,Unknown,Unknown,Unknown,Unknown
ATCC 43734,43734,Corynebacterium jeikeiumJackman et al.,NCTC 11913 [IFO 15298],Unknown,Yes,Blood culture,Unknown,Unknown,Unknown,ATCC Medium 1941: Brain heart infusion agar or broth with Tween 80ATCC Medium 260: Trypticase soy agar/broth with defibrinated sheep blood,37°C,Aerobic,Open vial according to enclosed instructions or visit www.atcc.org for instructions.Rehydrate the entire pellet with approximately 0.5 mL of #1941 broth. Aseptically transfer the entire contents to a 5-6 mL tube of #1941 broth. Additional test tubes can be inoculated by transferring 0.5 mL of the primary broth tube to these secondary tubes.Use several drops of the primary broth tube to inoculate a #260 plate and/or #260 agar slant.Incubate at 37°C for 24-48 hours.,Freeze-dried,2°C to 8°C,BSL 2,https://www.atcc.org/api/product/sds?atcc_number=43734,https://www.atcc.org/products/43734,"This product is intended for laboratory research use only. It is not intended for any animal or human therapeutic use, any human or animal consumption, or any diagnostic use.",Permit required for delivery (check ATCC catalog terms),Yes,"GenBankU87823Corynebacterium jeikeium 16S ribosomal RNA gene, complete sequence.",Unknown,Whole-genome Sequencing,Unknown,Unknown,Unknown,Unknown,"GenBankU87823Corynebacterium jeikeium 16S ribosomal RNA gene, complete sequence.",Unknown,Unknown,Unknown,Unknown,Unknown,Unknown,Unknown
ATCC 13253,13253,Elizabethkingia meningoseptica,14 [NCTC 10016],Preceptrol culture,Yes,Spinal fluid from premature infant,Human,United States; Massachusetts,Unknown,ATCC Medium 3: Nutrient agar or nutrient broth,30°C,Aerobic,"Open vial according to enclosed instructions.Using a single tube of #3 broth (5 to 6 mL), withdraw approximately 0.5 to 1.0 mL with a Pasteur or 1.0 mL pipette. Rehydrate the entire pellet.Aseptically transfer this aliquot back into the broth tube. Mix well.Use several drops of the suspension to inoculate a #3 agar slant and/or plate.Incubate the tubes and plate at 30°C for 24 to 48 hours.",Freeze-dried,2°C to 8°C,BSL 2,https://www.atcc.org/api/product/sds?atcc_number=13253,https://www.atcc.org/products/13253,"This product is intended for laboratory research use only. It is not intended for any animal or human therapeutic use, any human or animal consumption, or any diagnostic use.",Permit required for delivery (check ATCC catalog terms),Yes,"GenBankM58776Flavobacterium meningosepticum 16S ribosomal RNA.GenBankU02896Flavobacterium meningosepticumATCC 1325316S rRNA gene, partial sequenceGenBankAJ704540Chryseobacterium meningosepticum partial 16S rRNA gene, strain, strain13253T",Unknown,Whole-genome Sequencing,Unknown,Quality control,Quality control strainQuality control strain for BBL products and VITEK®2 GN Comprehensive QC Set,Unknown,"GenBankM58776Flavobacterium meningosepticum 16S ribosomal RNA.GenBankU02896Flavobacterium meningosepticumATCC 1325316S rRNA gene, partial sequenceGenBankAJ704540Chryseobacterium meningosepticum partial 16S rRNA gene, strain, strain13253T",Unknown,Unknown,Unknown,Unknown,Unknown,Unknown,Unknown
ATCC 13253,13253,Elizabethkingia meningoseptica,14 [NCTC 10016],Preceptrol culture,Yes,Spinal fluid from premature infant,Human,United States; Massachusetts,Unknown,ATCC Medium 3: Nutrient agar or nutrient broth,30°C,Aerobic,"Open vial according to enclosed instructions.Using a single tube of #3 broth (5 to 6 mL), withdraw approximately 0.5 to 1.0 mL with a Pasteur or 1.0 mL pipette. Rehydrate the entire pellet.Aseptically transfer this aliquot back into the broth tube. Mix well.Use several drops of the suspension to inoculate a #3 agar slant and/or plate.Incubate the tubes and plate at 30°C for 24 to 48 hours.",Freeze-dried,2°C to 8°C,BSL 2,https://www.atcc.org/api/product/sds?atcc_number=13253,https://www.atcc.org/products/13253,"This product is intended for laboratory research use only. It is not intended for any animal or human therapeutic use, any human or animal consumption, or any diagnostic use.",Permit required for delivery (check ATCC catalog terms),Yes,"GenBankM58776Flavobacterium meningosepticum 16S ribosomal RNA.GenBankU02896Flavobacterium meningosepticumATCC 1325316S rRNA gene, partial sequenceGenBankAJ704540Chryseobacterium meningosepticum partial 16S rRNA gene, strain, strain13253T",Unknown,Whole-genome Sequencing,Unknown,Quality control,Quality control strainQuality control strain for BBL products and VITEK®2 GN Comprehensive QC Set,Unknown,"GenBankM58776Flavobacterium meningosepticum 16S ribosomal RNA.GenBankU02896Flavobacterium meningosepticumATCC 1325316S rRNA gene, partial sequenceGenBankAJ704540Chryseobacterium meningosepticum partial 16S rRNA gene, strain, strain13253T",Unknown,Unknown,Unknown,Unknown,Unknown,Unknown,Unknown
